Customer ID,Customer Name,Customer Type,Customer Email,Billing Address,Billing Address 2,Billing City,Billing State,Billing Zip,Payment Terms,PO Required,Tax Exempt,Location ID,Location Name,Location Address,Location Address 2,Location City,Location State,Location Zip,Latitude,Longitude,Access Notes,Default Business Unit,Contact ID,Contact Name,Phone Number,Alt Phone,Contact Email,Text Opt-In,Primary Contact
DEMO-C-00001,Hank Erdman,Residential,hank.erdman59@example.com,1680 Tidewater Bend Rd,,Hertford,NC,27944,Due Upon Receipt,No,No,DEMO-L-00001,,1680 Tidewater Bend Rd,,Hertford,NC,27944,36.1515,-76.432159,,HVAC Service,,,,,,,
DEMO-C-00001,Hank Erdman,Residential,hank.erdman59@example.com,1680 Tidewater Bend Rd,,Hertford,NC,27944,Due Upon Receipt,No,No,,,,,,,,,,,,DEMO-CT-00001,Hank Erdman,(704) 555-0138,,hank.erdman22@example.net,Yes,Yes
DEMO-C-00002,Natasha Pfannerstill,Residential,natasha.pfannerstill40@example.net,2060 Tidewater Bend Pl,,Camden,NC,27921,Due Upon Receipt,No,No,DEMO-L-00002,,2060 Tidewater Bend Pl,,Camden,NC,27921,36.302688,-76.147831,,HVAC Service,,,,,,,
DEMO-C-00002,Natasha Pfannerstill,Residential,natasha.pfannerstill40@example.net,2060 Tidewater Bend Pl,,Camden,NC,27921,Due Upon Receipt,No,No,,,,,,,,,,,,DEMO-CT-00002,Natasha Pfannerstill,(984) 555-0191,,natasha.pfannerstill14@example.net,No,Yes
DEMO-C-00003,Madalyn Toy,Residential,madalyn.toy90@example.com,953 Whistling Swan Ln,,Elizabeth City,NC,27909,Due Upon Receipt,No,No,DEMO-L-00003,,953 Whistling Swan Ln,,Elizabeth City,NC,27909,36.321476,-76.201484,,HVAC Service,,,,,,,
DEMO-C-00003,Madalyn Toy,Residential,madalyn.toy90@example.com,953 Whistling Swan Ln,,Elizabeth City,NC,27909,Due Upon Receipt,No,No,,,,,,,,,,,,DEMO-CT-00003,Madalyn Toy,(743) 555-0126,,madalyn.toy39@example.com,No,Yes
DEMO-C-00004,Brennon Homenick,Residential,brennon.homenick94@example.com,3716 Osprey Ridge Dr,,Camden,NC,27921,Due Upon Receipt,No,No,DEMO-L-00004,,3716 Osprey Ridge Dr,,Camden,NC,27921,36.357663,-76.206367,Call on arrival,HVAC Service,,,,,,,
DEMO-C-00004,Brennon Homenick,Residential,brennon.homenick94@example.com,3716 Osprey Ridge Dr,,Camden,NC,27921,Due Upon Receipt,No,No,,,,,,,,,,,,DEMO-CT-00004,Brennon Homenick,(704) 555-0128,,brennon.homenick21@example.org,Yes,Yes
DEMO-C-00005,Gardner Keebler,Residential,gardner.keebler30@example.org,1208 Pelican Reach Ct,,Elizabeth City,NC,27909,Due Upon Receipt,No,No,DEMO-L-00005,,1208 Pelican Reach Ct,,Elizabeth City,NC,27909,36.277719,-76.265306,Call on arrival,HVAC Service,,,,,,,
DEMO-C-00005,Gardner Keebler,Residential,gardner.keebler30@example.org,1208 Pelican Reach Ct,,Elizabeth City,NC,27909,Due Upon Receipt,No,No,,,,,,,,,,,,DEMO-CT-00005,Gardner Keebler,(919) 555-0165,,gardner.keebler10@example.com,No,Yes
DEMO-C-00006,Inez McLaughlin,Residential,inez.mclaughlin59@example.net,4653 Sweetgum Grove Rd,,Elizabeth City,NC,27909,Due Upon Receipt,No,No,DEMO-L-00006,,4653 Sweetgum Grove Rd,,Elizabeth City,NC,27909,36.27151,-76.240994,,HVAC Service,,,,,,,
DEMO-C-00006,Inez McLaughlin,Residential,inez.mclaughlin59@example.net,4653 Sweetgum Grove Rd,,Elizabeth City,NC,27909,Due Upon Receipt,No,No,DEMO-L-00007,Rental,3781 Teal Landing Dr,,Moyock,NC,27958,36.510987,-76.146055,,HVAC Service,,,,,,,
DEMO-C-00006,Inez McLaughlin,Residential,inez.mclaughlin59@example.net,4653 Sweetgum Grove Rd,,Elizabeth City,NC,27909,Due Upon Receipt,No,No,,,,,,,,,,,,DEMO-CT-00006,Inez McLaughlin,(757) 555-0174,,inez.mclaughlin58@example.com,Yes,Yes
DEMO-C-00007,Roxane Williamson,Residential,roxane.williamson85@example.com,1011 Pelican Reach Ln,,Moyock,NC,27958,Due Upon Receipt,No,No,DEMO-L-00008,,1011 Pelican Reach Ln,,Moyock,NC,27958,36.548137,-76.190001,,HVAC Service,,,,,,,
DEMO-C-00007,Roxane Williamson,Residential,roxane.williamson85@example.com,1011 Pelican Reach Ln,,Moyock,NC,27958,Due Upon Receipt,No,No,,,,,,,,,,,,DEMO-CT-00007,Roxane Williamson,(571) 555-0138,,roxane.williamson81@example.net,Yes,Yes
DEMO-C-00008,Katelyn Thompson,Residential,katelyn.thompson51@example.com,2671 Teal Landing Pl,,Camden,NC,27921,Due Upon Receipt,No,No,DEMO-L-00009,,2671 Teal Landing Pl,,Camden,NC,27921,36.36481,-76.135496,,HVAC Service,,,,,,,
DEMO-C-00008,Katelyn Thompson,Residential,katelyn.thompson51@example.com,2671 Teal Landing Pl,,Camden,NC,27921,Due Upon Receipt,No,No,,,,,,,,,,,,DEMO-CT-00008,Katelyn Thompson,(919) 555-0105,,katelyn.thompson37@example.net,Yes,Yes
DEMO-C-00009,Dion Little,Residential,dion.little34@example.org,833 Pintail Point Rd,,Camden,NC,27921,Due Upon Receipt,No,No,DEMO-L-00010,,833 Pintail Point Rd,,Camden,NC,27921,36.308132,-76.219575,,HVAC Service,,,,,,,
DEMO-C-00009,Dion Little,Residential,dion.little34@example.org,833 Pintail Point Rd,,Camden,NC,27921,Due Upon Receipt,No,No,,,,,,,,,,,,DEMO-CT-00009,Dion Little,(704) 555-0141,,dion.little97@example.net,Yes,Yes
DEMO-C-00009,Dion Little,Residential,dion.little34@example.org,833 Pintail Point Rd,,Camden,NC,27921,Due Upon Receipt,No,No,,,,,,,,,,,,DEMO-CT-00010,Maverick Little,(704) 555-0120,(434) 555-0169,maverick.little83@example.org,Yes,No
DEMO-C-00010,Alize Cassin,Residential,alize.cassin54@example.com,1898 Cedar Shoal Trl,,Elizabeth City,NC,27909,Due Upon Receipt,No,No,DEMO-L-00011,,1898 Cedar Shoal Trl,,Elizabeth City,NC,27909,36.30809,-76.218646,,HVAC Service,,,,,,,
DEMO-C-00010,Alize Cassin,Residential,alize.cassin54@example.com,1898 Cedar Shoal Trl,,Elizabeth City,NC,27909,Due Upon Receipt,No,No,DEMO-L-00012,Rental,628 Pintail Point Rd,,Elizabeth City,NC,27909,36.284514,-76.256172,,HVAC Service,,,,,,,
DEMO-C-00010,Alize Cassin,Residential,alize.cassin54@example.com,1898 Cedar Shoal Trl,,Elizabeth City,NC,27909,Due Upon Receipt,No,No,,,,,,,,,,,,DEMO-CT-00011,Alize Cassin,(919) 555-0129,(828) 555-0173,alize.cassin70@example.org,Yes,Yes
DEMO-C-00011,Cole Flatley,Residential,cole.flatley32@example.com,2033 Hickory Bluff Pl,,Moyock,NC,27958,Due Upon Receipt,No,No,DEMO-L-00013,,2033 Hickory Bluff Pl,,Moyock,NC,27958,36.491025,-76.21802,,HVAC Service,,,,,,,
DEMO-C-00011,Cole Flatley,Residential,cole.flatley32@example.com,2033 Hickory Bluff Pl,,Moyock,NC,27958,Due Upon Receipt,No,No,,,,,,,,,,,,DEMO-CT-00012,Cole Flatley,(980) 555-0177,(743) 555-0183,cole.flatley89@example.org,Yes,Yes
DEMO-C-00012,Kasey McClure,Residential,kasey.mcclure38@example.com,585 Wren Hollow Trl,,Moyock,NC,27958,Due Upon Receipt,No,No,DEMO-L-00014,,585 Wren Hollow Trl,,Moyock,NC,27958,36.534553,-76.128877,,HVAC Service,,,,,,,
DEMO-C-00012,Kasey McClure,Residential,kasey.mcclure38@example.com,585 Wren Hollow Trl,,Moyock,NC,27958,Due Upon Receipt,No,No,,,,,,,,,,,,DEMO-CT-00013,Kasey McClure,(336) 555-0137,,kasey.mcclure32@example.net,No,Yes
DEMO-C-00012,Kasey McClure,Residential,kasey.mcclure38@example.com,585 Wren Hollow Trl,,Moyock,NC,27958,Due Upon Receipt,No,No,,,,,,,,,,,,DEMO-CT-00014,Theodore McClure,(571) 555-0104,,theodore.mcclure57@example.net,No,No
DEMO-C-00013,Jessica Waters,Residential,jessica.waters74@example.org,1189 Pelican Reach Ln,,Hertford,NC,27944,Due Upon Receipt,No,No,DEMO-L-00015,,1189 Pelican Reach Ln,,Hertford,NC,27944,36.225665,-76.501847,,HVAC Service,,,,,,,
DEMO-C-00013,Jessica Waters,Residential,jessica.waters74@example.org,1189 Pelican Reach Ln,,Hertford,NC,27944,Due Upon Receipt,No,No,,,,,,,,,,,,DEMO-CT-00015,Jessica Waters,(336) 555-0171,,jessica.waters91@example.com,Yes,Yes
DEMO-C-00014,Haskell Bauch,Residential,haskell.bauch26@example.com,2546 Shad Run Ln,,Elizabeth City,NC,27909,Due Upon Receipt,No,No,DEMO-L-00016,,2546 Shad Run Ln,,Elizabeth City,NC,27909,36.274833,-76.221065,Gate code 1234#,HVAC Service,,,,,,,
DEMO-C-00014,Haskell Bauch,Residential,haskell.bauch26@example.com,2546 Shad Run Ln,,Elizabeth City,NC,27909,Due Upon Receipt,No,No,,,,,,,,,,,,DEMO-CT-00016,Haskell Bauch,(804) 555-0115,(910) 555-0149,haskell.bauch82@example.net,No,Yes
DEMO-C-00015,Nathen Rosenbaum,Residential,nathen.rosenbaum57@example.net,2000 Moonsnail Dr,,Elizabeth City,NC,27909,Due Upon Receipt,No,No,DEMO-L-00017,,2000 Moonsnail Dr,,Elizabeth City,NC,27909,36.32692,-76.253127,,HVAC Service,,,,,,,
DEMO-C-00015,Nathen Rosenbaum,Residential,nathen.rosenbaum57@example.net,2000 Moonsnail Dr,,Elizabeth City,NC,27909,Due Upon Receipt,No,No,,,,,,,,,,,,DEMO-CT-00017,Nathen Rosenbaum,(804) 555-0111,,nathen.rosenbaum44@example.net,No,Yes
DEMO-C-00016,Estel Kunde,Residential,estel.kunde41@example.net,2785 Heron Pond Trl,,Moyock,NC,27958,Due Upon Receipt,No,No,DEMO-L-00018,,2785 Heron Pond Trl,,Moyock,NC,27958,36.54295,-76.157839,,HVAC Service,,,,,,,
DEMO-C-00016,Estel Kunde,Residential,estel.kunde41@example.net,2785 Heron Pond Trl,,Moyock,NC,27958,Due Upon Receipt,No,No,,,,,,,,,,,,DEMO-CT-00018,Estel Kunde,(434) 555-0177,,estel.kunde36@example.org,Yes,Yes
DEMO-C-00017,German Thompson,Residential,german.thompson91@example.org,1180 Bluegill Dr,,Moyock,NC,27958,Due Upon Receipt,No,No,DEMO-L-00019,,1180 Bluegill Dr,,Moyock,NC,27958,36.515833,-76.152931,,HVAC Service,,,,,,,
DEMO-C-00017,German Thompson,Residential,german.thompson91@example.org,1180 Bluegill Dr,,Moyock,NC,27958,Due Upon Receipt,No,No,,,,,,,,,,,,DEMO-CT-00019,German Thompson,(757) 555-0120,,german.thompson38@example.org,Yes,Yes
DEMO-C-00018,Thad Hilll,Residential,thad.hilll86@example.com,4968 Teal Landing Trl,,Camden,NC,27921,Due Upon Receipt,No,No,DEMO-L-00020,,4968 Teal Landing Trl,,Camden,NC,27921,36.341227,-76.192085,Dog in back yard,HVAC Service,,,,,,,
DEMO-C-00018,Thad Hilll,Residential,thad.hilll86@example.com,4968 Teal Landing Trl,,Camden,NC,27921,Due Upon Receipt,No,No,,,,,,,,,,,,DEMO-CT-00020,Thad Hilll,(910) 555-0169,(703) 555-0125,thad.hilll95@example.org,Yes,Yes
DEMO-C-00019,Phil Runte,Residential,phil.runte28@example.net,1707 Pintail Point Trl,,Elizabeth City,NC,27909,Due Upon Receipt,No,No,DEMO-L-00021,,1707 Pintail Point Trl,,Elizabeth City,NC,27909,36.276739,-76.263849,Dog in back yard,HVAC Service,,,,,,,
DEMO-C-00019,Phil Runte,Residential,phil.runte28@example.net,1707 Pintail Point Trl,,Elizabeth City,NC,27909,Due Upon Receipt,No,No,,,,,,,,,,,,DEMO-CT-00021,Phil Runte,(571) 555-0186,(571) 555-0192,phil.runte83@example.com,Yes,Yes
DEMO-C-00020,Seth King,Residential,seth.king22@example.com,1918 Moonsnail Ln,,Camden,NC,27921,Due Upon Receipt,No,No,DEMO-L-00022,,1918 Moonsnail Ln,,Camden,NC,27921,36.338839,-76.18585,,HVAC Service,,,,,,,
DEMO-C-00020,Seth King,Residential,seth.king22@example.com,1918 Moonsnail Ln,,Camden,NC,27921,Due Upon Receipt,No,No,,,,,,,,,,,,DEMO-CT-00022,Seth King,(252) 555-0105,,seth.king26@example.com,Yes,Yes
DEMO-C-00021,Silas Bauch,Residential,silas.bauch85@example.org,1300 Juniper Hollow Loop,,Camden,NC,27921,Due Upon Receipt,No,No,DEMO-L-00023,,1300 Juniper Hollow Loop,,Camden,NC,27921,36.337584,-76.163269,Gate code 1234#,HVAC Service,,,,,,,
DEMO-C-00021,Silas Bauch,Residential,silas.bauch85@example.org,1300 Juniper Hollow Loop,,Camden,NC,27921,Due Upon Receipt,No,No,,,,,,,,,,,,DEMO-CT-00023,Silas Bauch,(571) 555-0116,,silas.bauch38@example.org,Yes,Yes
DEMO-C-00021,Silas Bauch,Residential,silas.bauch85@example.org,1300 Juniper Hollow Loop,,Camden,NC,27921,Due Upon Receipt,No,No,,,,,,,,,,,,DEMO-CT-00024,Dessie Bauch,(571) 555-0108,,dessie.bauch2@example.com,No,No
DEMO-C-00022,Clementina Jacobson,Residential,clementina.jacobson29@example.org,3631 Cedar Shoal Rd,,Elizabeth City,NC,27909,Due Upon Receipt,No,No,DEMO-L-00024,,3631 Cedar Shoal Rd,,Elizabeth City,NC,27909,36.279854,-76.229769,Dog in back yard,HVAC Service,,,,,,,
DEMO-C-00022,Clementina Jacobson,Residential,clementina.jacobson29@example.org,3631 Cedar Shoal Rd,,Elizabeth City,NC,27909,Due Upon Receipt,No,No,,,,,,,,,,,,DEMO-CT-00025,Clementina Jacobson,(757) 555-0167,,clementina.jacobson88@example.org,Yes,Yes
DEMO-C-00023,Declan Jaskolski,Residential,declan.jaskolski72@example.com,1052 Kingfisher Ln,,Elizabeth City,NC,27909,Due Upon Receipt,No,No,DEMO-L-00025,,1052 Kingfisher Ln,,Elizabeth City,NC,27909,36.261173,-76.243604,,HVAC Service,,,,,,,
DEMO-C-00023,Declan Jaskolski,Residential,declan.jaskolski72@example.com,1052 Kingfisher Ln,,Elizabeth City,NC,27909,Due Upon Receipt,No,No,,,,,,,,,,,,DEMO-CT-00026,Declan Jaskolski,(434) 555-0165,,declan.jaskolski22@example.net,Yes,Yes
DEMO-C-00024,Jared Thiel,Residential,jared.thiel65@example.net,4515 Lantern Hill Loop,,Elizabeth City,NC,27909,Due Upon Receipt,No,No,DEMO-L-00026,,4515 Lantern Hill Loop,,Elizabeth City,NC,27909,36.322374,-76.216151,,HVAC Service,,,,,,,
DEMO-C-00024,Jared Thiel,Residential,jared.thiel65@example.net,4515 Lantern Hill Loop,,Elizabeth City,NC,27909,Due Upon Receipt,No,No,,,,,,,,,,,,DEMO-CT-00027,Jared Thiel,(252) 555-0177,(703) 555-0113,jared.thiel10@example.net,No,Yes
DEMO-C-00025,Micah Larkin,Residential,micah.larkin70@example.org,734 Lantern Hill Pl,,Elizabeth City,NC,27909,Due Upon Receipt,No,No,DEMO-L-00027,,734 Lantern Hill Pl,,Elizabeth City,NC,27909,36.290651,-76.22474,,HVAC Service,,,,,,,
DEMO-C-00025,Micah Larkin,Residential,micah.larkin70@example.org,734 Lantern Hill Pl,,Elizabeth City,NC,27909,Due Upon Receipt,No,No,,,,,,,,,,,,DEMO-CT-00028,Micah Larkin,(252) 555-0186,(703) 555-0109,micah.larkin69@example.net,Yes,Yes
DEMO-C-00026,Cara Beatty,Residential,cara.beatty49@example.com,1729 Sweetgum Grove Dr,,Moyock,NC,27958,Due Upon Receipt,No,No,DEMO-L-00028,,1729 Sweetgum Grove Dr,,Moyock,NC,27958,36.547814,-76.170553,,HVAC Service,,,,,,,
DEMO-C-00026,Cara Beatty,Residential,cara.beatty49@example.com,1729 Sweetgum Grove Dr,,Moyock,NC,27958,Due Upon Receipt,No,No,,,,,,,,,,,,DEMO-CT-00029,Cara Beatty,(743) 555-0196,,cara.beatty85@example.org,Yes,Yes
DEMO-C-00027,Sidney Kohler,Residential,sidney.kohler18@example.org,2236 Moonsnail Rd,,Elizabeth City,NC,27909,Due Upon Receipt,No,No,DEMO-L-00029,,2236 Moonsnail Rd,,Elizabeth City,NC,27909,36.308041,-76.256574,,HVAC Service,,,,,,,
DEMO-C-00027,Sidney Kohler,Residential,sidney.kohler18@example.org,2236 Moonsnail Rd,,Elizabeth City,NC,27909,Due Upon Receipt,No,No,,,,,,,,,,,,DEMO-CT-00030,Sidney Kohler,(276) 555-0195,,sidney.kohler91@example.org,Yes,Yes
DEMO-C-00028,Freida Kohler,Residential,freida.kohler38@example.org,1126 Sweetgum Grove Loop,,Elizabeth City,NC,27909,Due Upon Receipt,No,No,DEMO-L-00030,,1126 Sweetgum Grove Loop,,Elizabeth City,NC,27909,36.263748,-76.266817,,HVAC Service,,,,,,,
DEMO-C-00028,Freida Kohler,Residential,freida.kohler38@example.org,1126 Sweetgum Grove Loop,,Elizabeth City,NC,27909,Due Upon Receipt,No,No,,,,,,,,,,,,DEMO-CT-00031,Freida Kohler,(540) 555-0117,(540) 555-0159,freida.kohler53@example.com,Yes,Yes
DEMO-C-00029,Kallie Durgan,Residential,kallie.durgan4@example.org,3346 Moonsnail Pl,,Elizabeth City,NC,27909,Due Upon Receipt,No,No,DEMO-L-00031,,3346 Moonsnail Pl,,Elizabeth City,NC,27909,36.269903,-76.278776,,HVAC Service,,,,,,,
DEMO-C-00029,Kallie Durgan,Residential,kallie.durgan4@example.org,3346 Moonsnail Pl,,Elizabeth City,NC,27909,Due Upon Receipt,No,No,,,,,,,,,,,,DEMO-CT-00032,Kallie Durgan,(252) 555-0175,,kallie.durgan55@example.org,Yes,Yes
DEMO-C-00030,Titus Moen,Residential,titus.moen16@example.net,4798 Whistling Swan Ln,,Hertford,NC,27944,Due Upon Receipt,No,No,DEMO-L-00032,,4798 Whistling Swan Ln,,Hertford,NC,27944,36.188799,-76.50715,Call on arrival,HVAC Service,,,,,,,
DEMO-C-00030,Titus Moen,Residential,titus.moen16@example.net,4798 Whistling Swan Ln,,Hertford,NC,27944,Due Upon Receipt,No,No,,,,,,,,,,,,DEMO-CT-00033,Titus Moen,(252) 555-0156,,titus.moen63@example.com,Yes,Yes
DEMO-C-00030,Titus Moen,Residential,titus.moen16@example.net,4798 Whistling Swan Ln,,Hertford,NC,27944,Due Upon Receipt,No,No,,,,,,,,,,,,DEMO-CT-00034,Emelia Moen,(919) 555-0166,(571) 555-0153,emelia.moen27@example.net,No,No
DEMO-C-00031,Harbor Light Market Group,Commercial,ap@harborlightmarket.example.com,1160 Driftwood Cove Loop,,Elizabeth City,NC,27909,Net 15,Yes,No,DEMO-L-00033,Harbor Light Market #1,271 Tupelo Bend Ln,,Hertford,NC,27944,36.226008,-76.482915,Dog in back yard,Commercial & Refrigeration,DEMO-CT-00036,Rubie Reichel,(540) 555-0127,,rubie.reichel17@example.org,Yes,No
DEMO-C-00031,Harbor Light Market Group,Commercial,ap@harborlightmarket.example.com,1160 Driftwood Cove Loop,,Elizabeth City,NC,27909,Net 15,Yes,No,DEMO-L-00034,Harbor Light Market #2,3011 Sweetgum Grove Way,,Elizabeth City,NC,27909,36.271295,-76.238834,,Commercial & Refrigeration,DEMO-CT-00037,Izabella Lindgren,(540) 555-0176,(828) 555-0176,izabella.lindgren22@example.org,No,No
DEMO-C-00031,Harbor Light Market Group,Commercial,ap@harborlightmarket.example.com,1160 Driftwood Cove Loop,,Elizabeth City,NC,27909,Net 15,Yes,No,DEMO-L-00035,Harbor Light Market #3,475 Kingfisher Loop,,Moyock,NC,27958,36.525598,-76.202455,Use side door,Commercial & Refrigeration,DEMO-CT-00038,Alessia Stracke,(434) 555-0109,,alessia.stracke87@example.org,Yes,No
DEMO-C-00031,Harbor Light Market Group,Commercial,ap@harborlightmarket.example.com,1160 Driftwood Cove Loop,,Elizabeth City,NC,27909,Net 15,Yes,No,DEMO-L-00036,Harbor Light Market #4,3789 Lantern Hill Ln,,Hertford,NC,27944,36.15486,-76.467497,,Commercial & Refrigeration,DEMO-CT-00039,Eleazar Rowe,(540) 555-0106,,eleazar.rowe19@example.com,No,No
DEMO-C-00031,Harbor Light Market Group,Commercial,ap@harborlightmarket.example.com,1160 Driftwood Cove Loop,,Elizabeth City,NC,27909,Net 15,Yes,No,,,,,,,,,,,,DEMO-CT-00035,Edythe Bradtke,(540) 555-0104,,edythe.bradtke73@example.org,Yes,Yes
DEMO-C-00032,Cypress Hardware Group,Commercial,ap@cypresshardware.example.com,2974 Pintail Point Trl,,Camden,NC,27921,Net 30,No,No,DEMO-L-00037,Cypress Hardware #1,4110 Lantern Hill Ct,,Elizabeth City,NC,27909,36.274279,-76.210288,,Commercial & Refrigeration,DEMO-CT-00041,Genoveva Howell-Heathcote,(276) 555-0197,,genoveva.howellheathcote9@example.net,Yes,No
DEMO-C-00032,Cypress Hardware Group,Commercial,ap@cypresshardware.example.com,2974 Pintail Point Trl,,Camden,NC,27921,Net 30,No,No,DEMO-L-00038,Cypress Hardware #2,231 Teal Landing Pl,,Hertford,NC,27944,36.194126,-76.491238,,Commercial & Refrigeration,DEMO-CT-00042,Murl Stark,(828) 555-0156,,murl.stark46@example.org,No,No
DEMO-C-00032,Cypress Hardware Group,Commercial,ap@cypresshardware.example.com,2974 Pintail Point Trl,,Camden,NC,27921,Net 30,No,No,DEMO-L-00039,Cypress Hardware #3,4039 Driftwood Cove Ln,,Camden,NC,27921,36.311175,-76.140112,,Commercial & Refrigeration,DEMO-CT-00043,Russ Hansen,(336) 555-0173,,russ.hansen34@example.net,No,No
DEMO-C-00032,Cypress Hardware Group,Commercial,ap@cypresshardware.example.com,2974 Pintail Point Trl,,Camden,NC,27921,Net 30,No,No,DEMO-L-00040,Cypress Hardware #4,3643 Tupelo Bend Ln,,Moyock,NC,27958,36.510515,-76.185726,,Commercial & Refrigeration,DEMO-CT-00044,Justine Rogahn,(980) 555-0132,,justine.rogahn97@example.net,Yes,No
DEMO-C-00032,Cypress Hardware Group,Commercial,ap@cypresshardware.example.com,2974 Pintail Point Trl,,Camden,NC,27921,Net 30,No,No,DEMO-L-00041,Cypress Hardware #5,4797 Foxglove Dr,,Elizabeth City,NC,27909,36.254857,-76.253195,,Commercial & Refrigeration,DEMO-CT-00045,Gustavo Halvorson,(757) 555-0196,,gustavo.halvorson48@example.org,Yes,No
DEMO-C-00032,Cypress Hardware Group,Commercial,ap@cypresshardware.example.com,2974 Pintail Point Trl,,Camden,NC,27921,Net 30,No,No,DEMO-L-00042,Cypress Hardware #6,4872 Driftwood Cove Dr,,Elizabeth City,NC,27909,36.275964,-76.286771,,Commercial & Refrigeration,DEMO-CT-00046,Francisca Hagenes,(804) 555-0143,,francisca.hagenes94@example.net,Yes,No
DEMO-C-00032,Cypress Hardware Group,Commercial,ap@cypresshardware.example.com,2974 Pintail Point Trl,,Camden,NC,27921,Net 30,No,No,,,,,,,,,,,,DEMO-CT-00040,Keely Heathcote,(434) 555-0108,,keely.heathcote89@example.net,No,Yes
DEMO-C-00033,Sound Side Hardware Group,Commercial,ap@soundsidehardware.example.com,796 Tupelo Bend Loop,,Elizabeth City,NC,27909,Net 15,No,No,DEMO-L-00043,Sound Side Hardware #1,635 Copper Kettle Pl,,Elizabeth City,NC,27909,36.331726,-76.243922,,Commercial & Refrigeration,DEMO-CT-00048,Waylon Ward,(276) 555-0155,,waylon.ward98@example.com,No,No
DEMO-C-00033,Sound Side Hardware Group,Commercial,ap@soundsidehardware.example.com,796 Tupelo Bend Loop,,Elizabeth City,NC,27909,Net 15,No,No,DEMO-L-00044,Sound Side Hardware #2,4401 Kingfisher Rd,,Hertford,NC,27944,36.21647,-76.463226,,Commercial & Refrigeration,DEMO-CT-00049,Kenyatta Ullrich,(757) 555-0170,,kenyatta.ullrich23@example.org,Yes,No
DEMO-C-00033,Sound Side Hardware Group,Commercial,ap@soundsidehardware.example.com,796 Tupelo Bend Loop,,Elizabeth City,NC,27909,Net 15,No,No,DEMO-L-00045,Sound Side Hardware #3,1425 Copper Kettle Ct,,Camden,NC,27921,36.291608,-76.136203,,Commercial & Refrigeration,DEMO-CT-00050,Joann Schuppe,(919) 555-0127,(252) 555-0132,joann.schuppe46@example.net,Yes,No
DEMO-C-00033,Sound Side Hardware Group,Commercial,ap@soundsidehardware.example.com,796 Tupelo Bend Loop,,Elizabeth City,NC,27909,Net 15,No,No,DEMO-L-00046,Sound Side Hardware #4,4493 Foxglove Ct,,Elizabeth City,NC,27909,36.284392,-76.245655,,Commercial & Refrigeration,DEMO-CT-00051,Ryleigh Huels,(804) 555-0192,,ryleigh.huels33@example.org,Yes,No
DEMO-C-00033,Sound Side Hardware Group,Commercial,ap@soundsidehardware.example.com,796 Tupelo Bend Loop,,Elizabeth City,NC,27909,Net 15,No,No,,,,,,,,,,,,DEMO-CT-00047,Ike Kuhlman,(828) 555-0150,,ike.kuhlman42@example.org,No,Yes
DEMO-C-00034,Marsh Point Outfitters Group,Commercial,ap@marshpointoutfitters.example.com,3882 Pelican Reach Rd,,Moyock,NC,27958,Net 15,Yes,No,DEMO-L-00047,Marsh Point Outfitters #1,3156 Shad Run Ln,,Camden,NC,27921,36.348482,-76.13338,Gate code 1234#,Commercial & Refrigeration,DEMO-CT-00053,Caden Jast,(804) 555-0155,(743) 555-0100,caden.jast40@example.com,Yes,No
DEMO-C-00034,Marsh Point Outfitters Group,Commercial,ap@marshpointoutfitters.example.com,3882 Pelican Reach Rd,,Moyock,NC,27958,Net 15,Yes,No,DEMO-L-00048,Marsh Point Outfitters #2,1615 Shad Run Trl,,Hertford,NC,27944,36.17998,-76.448678,,Commercial & Refrigeration,DEMO-CT-00054,Trudie Sipes,(571) 555-0198,,trudie.sipes5@example.net,No,No
DEMO-C-00034,Marsh Point Outfitters Group,Commercial,ap@marshpointoutfitters.example.com,3882 Pelican Reach Rd,,Moyock,NC,27958,Net 15,Yes,No,DEMO-L-00049,Marsh Point Outfitters #3,901 Saltmeadow Ct,,Elizabeth City,NC,27909,36.255676,-76.267064,Dog in back yard,Commercial & Refrigeration,DEMO-CT-00055,Ulises Douglas,(804) 555-0107,,ulises.douglas84@example.org,Yes,No
DEMO-C-00034,Marsh Point Outfitters Group,Commercial,ap@marshpointoutfitters.example.com,3882 Pelican Reach Rd,,Moyock,NC,27958,Net 15,Yes,No,DEMO-L-00050,Marsh Point Outfitters #4,2119 Brackwater Way,,Elizabeth City,NC,27909,36.258431,-76.28796,,Commercial & Refrigeration,DEMO-CT-00056,Lavern Lueilwitz,(828) 555-0138,,lavern.lueilwitz50@example.net,Yes,No
DEMO-C-00034,Marsh Point Outfitters Group,Commercial,ap@marshpointoutfitters.example.com,3882 Pelican Reach Rd,,Moyock,NC,27958,Net 15,Yes,No,DEMO-L-00051,Marsh Point Outfitters #5,1404 Tidewater Bend Ct,,Moyock,NC,27958,36.508323,-76.167883,,Commercial & Refrigeration,DEMO-CT-00057,Jamar Simonis,(540) 555-0171,,jamar.simonis28@example.org,Yes,No
DEMO-C-00034,Marsh Point Outfitters Group,Commercial,ap@marshpointoutfitters.example.com,3882 Pelican Reach Rd,,Moyock,NC,27958,Net 15,Yes,No,DEMO-L-00052,Marsh Point Outfitters #6,518 Pintail Point Ct,,Moyock,NC,27958,36.54712,-76.187488,,Commercial & Refrigeration,DEMO-CT-00058,Salma Herman,(571) 555-0101,(757) 555-0159,salma.herman76@example.org,Yes,No
DEMO-C-00034,Marsh Point Outfitters Group,Commercial,ap@marshpointoutfitters.example.com,3882 Pelican Reach Rd,,Moyock,NC,27958,Net 15,Yes,No,,,,,,,,,,,,DEMO-CT-00052,Graham Haley-Ullrich,(919) 555-0121,(984) 555-0151,graham.haleyullrich37@example.org,Yes,Yes
DEMO-C-00035,Juniper Family Medicine,Commercial,ap@juniperfamilymedicine.example.com,3542 Cedar Shoal Ln,,Hertford,NC,27944,Net 30,Yes,No,DEMO-L-00053,Juniper Family Medicine,3542 Cedar Shoal Ln,,Hertford,NC,27944,36.176014,-76.454392,,Commercial & Refrigeration,,,,,,,
DEMO-C-00035,Juniper Family Medicine,Commercial,ap@juniperfamilymedicine.example.com,3542 Cedar Shoal Ln,,Hertford,NC,27944,Net 30,Yes,No,,,,,,,,,,,,DEMO-CT-00059,Douglas Kemmer,(540) 555-0122,,douglas.kemmer55@example.com,Yes,Yes
DEMO-C-00036,Saltbox Realty,Commercial,ap@saltboxrealty.example.com,1506 Pintail Point Dr,,Moyock,NC,27958,Net 30,No,No,DEMO-L-00054,Saltbox Realty,1506 Pintail Point Dr,,Moyock,NC,27958,36.540407,-76.170078,Gate code 1234#,Commercial & Refrigeration,,,,,,,
DEMO-C-00036,Saltbox Realty,Commercial,ap@saltboxrealty.example.com,1506 Pintail Point Dr,,Moyock,NC,27958,Net 30,No,No,,,,,,,,,,,,DEMO-CT-00060,Orland Kuvalis,(804) 555-0159,,orland.kuvalis96@example.com,No,Yes
DEMO-C-00037,Juniper Pharmacy,Commercial,ap@juniperpharmacy.example.com,171 Wren Hollow Dr,,Hertford,NC,27944,Net 30,No,No,DEMO-L-00055,Juniper Pharmacy,171 Wren Hollow Dr,,Hertford,NC,27944,36.195443,-76.510035,,Commercial & Refrigeration,,,,,,,
DEMO-C-00037,Juniper Pharmacy,Commercial,ap@juniperpharmacy.example.com,171 Wren Hollow Dr,,Hertford,NC,27944,Net 30,No,No,,,,,,,,,,,,DEMO-CT-00061,Ali Robel,(704) 555-0173,,ali.robel99@example.com,Yes,Yes
DEMO-C-00038,Riverbend Inn,Commercial,ap@riverbendinn.example.com,1846 Pelican Reach Ln,,Moyock,NC,27958,Net 30,No,No,DEMO-L-00056,Riverbend Inn,1846 Pelican Reach Ln,,Moyock,NC,27958,36.517197,-76.188076,,Commercial & Refrigeration,,,,,,,
DEMO-C-00038,Riverbend Inn,Commercial,ap@riverbendinn.example.com,1846 Pelican Reach Ln,,Moyock,NC,27958,Net 30,No,No,,,,,,,,,,,,DEMO-CT-00062,Ubaldo Sporer,(743) 555-0144,,ubaldo.sporer69@example.org,No,Yes
DEMO-C-00039,Sandbar Fellowship Church,Commercial,ap@sandbarfellowshipchurch.example.com,3814 Cedar Shoal Ct,,Elizabeth City,NC,27909,Net 30,No,Yes,DEMO-L-00057,Sandbar Fellowship Church #1,3814 Cedar Shoal Ct,,Elizabeth City,NC,27909,36.280692,-76.283734,,Commercial & Refrigeration,,,,,,,
DEMO-C-00039,Sandbar Fellowship Church,Commercial,ap@sandbarfellowshipchurch.example.com,3814 Cedar Shoal Ct,,Elizabeth City,NC,27909,Net 30,No,Yes,DEMO-L-00058,Sandbar Fellowship Church #2,4896 Teal Landing Trl,,Hertford,NC,27944,36.180791,-76.423725,,Commercial & Refrigeration,,,,,,,
DEMO-C-00039,Sandbar Fellowship Church,Commercial,ap@sandbarfellowshipchurch.example.com,3814 Cedar Shoal Ct,,Elizabeth City,NC,27909,Net 30,No,Yes,,,,,,,,,,,,DEMO-CT-00063,Hubert Gerhold,(276) 555-0153,,hubert.gerhold6@example.org,Yes,Yes
DEMO-C-00040,Lighthouse Pharmacy,Commercial,ap@lighthousepharmacy.example.com,4138 Cedar Shoal Ct,,Camden,NC,27921,Net 30,No,No,DEMO-L-00059,Lighthouse Pharmacy,4138 Cedar Shoal Ct,,Camden,NC,27921,36.34581,-76.220904,,Commercial & Refrigeration,,,,,,,
DEMO-C-00040,Lighthouse Pharmacy,Commercial,ap@lighthousepharmacy.example.com,4138 Cedar Shoal Ct,,Camden,NC,27921,Net 30,No,No,,,,,,,,,,,,DEMO-CT-00064,Dominic Feil,(919) 555-0159,,dominic.feil67@example.com,No,Yes
DEMO-C-00041,Blue Crab Market,Commercial,ap@bluecrabmarket.example.com,4321 Seagrass Trl,,Elizabeth City,NC,27909,Net 15,No,No,DEMO-L-00060,Blue Crab Market #1,4321 Seagrass Trl,,Elizabeth City,NC,27909,36.270101,-76.284975,,Commercial & Refrigeration,,,,,,,
DEMO-C-00041,Blue Crab Market,Commercial,ap@bluecrabmarket.example.com,4321 Seagrass Trl,,Elizabeth City,NC,27909,Net 15,No,No,DEMO-L-00061,Blue Crab Market #2,2983 Bluegill Trl,,Elizabeth City,NC,27909,36.294646,-76.219739,,Commercial & Refrigeration,,,,,,,
DEMO-C-00041,Blue Crab Market,Commercial,ap@bluecrabmarket.example.com,4321 Seagrass Trl,,Elizabeth City,NC,27909,Net 15,No,No,,,,,,,,,,,,DEMO-CT-00065,Asha Little,(919) 555-0175,,asha.little30@example.org,Yes,Yes
DEMO-C-00042,Heron Inn,Commercial,ap@heroninn.example.com,4056 Driftwood Cove Rd,,Hertford,NC,27944,Net 15,No,No,DEMO-L-00062,Heron Inn,4056 Driftwood Cove Rd,,Hertford,NC,27944,36.180133,-76.515841,,Commercial & Refrigeration,,,,,,,
DEMO-C-00042,Heron Inn,Commercial,ap@heroninn.example.com,4056 Driftwood Cove Rd,,Hertford,NC,27944,Net 15,No,No,,,,,,,,,,,,DEMO-CT-00066,Murl Volkman,(571) 555-0194,,murl.volkman80@example.com,Yes,Yes
DEMO-C-00043,Drawbridge Cafe,Commercial,ap@drawbridgecafe.example.com,388 Pelican Reach Way,,Camden,NC,27921,Net 30,No,No,DEMO-L-00063,Drawbridge Cafe,388 Pelican Reach Way,,Camden,NC,27921,36.346593,-76.12167,,Commercial & Refrigeration,,,,,,,
DEMO-C-00043,Drawbridge Cafe,Commercial,ap@drawbridgecafe.example.com,388 Pelican Reach Way,,Camden,NC,27921,Net 30,No,No,,,,,,,,,,,,DEMO-CT-00067,Ada Wolff,(910) 555-0122,,ada.wolff21@example.com,Yes,Yes
DEMO-C-00044,Sound Side Grill,Commercial,ap@soundsidegrill.example.com,2737 Cypress Knee Rd,,Elizabeth City,NC,27909,Net 30,No,No,DEMO-L-00064,Sound Side Grill #1,2737 Cypress Knee Rd,,Elizabeth City,NC,27909,36.291596,-76.217753,,Commercial & Refrigeration,,,,,,,
DEMO-C-00044,Sound Side Grill,Commercial,ap@soundsidegrill.example.com,2737 Cypress Knee Rd,,Elizabeth City,NC,27909,Net 30,No,No,DEMO-L-00065,Sound Side Grill #2,2442 Shad Run Dr,,Elizabeth City,NC,27909,36.309607,-76.279153,,Commercial & Refrigeration,,,,,,,
DEMO-C-00044,Sound Side Grill,Commercial,ap@soundsidegrill.example.com,2737 Cypress Knee Rd,,Elizabeth City,NC,27909,Net 30,No,No,,,,,,,,,,,,DEMO-CT-00068,Tristin Kutch,(919) 555-0142,,tristin.kutch81@example.net,Yes,Yes
DEMO-C-00045,Heron Cafe,Commercial,ap@heroncafe.example.com,492 Moonsnail Pl,,Moyock,NC,27958,Net 15,No,No,DEMO-L-00066,Heron Cafe,492 Moonsnail Pl,,Moyock,NC,27958,36.520467,-76.190168,,Commercial & Refrigeration,,,,,,,
DEMO-C-00045,Heron Cafe,Commercial,ap@heroncafe.example.com,492 Moonsnail Pl,,Moyock,NC,27958,Net 15,No,No,,,,,,,,,,,,DEMO-CT-00069,Lourdes Gerhold,(276) 555-0104,,lourdes.gerhold73@example.net,No,Yes
DEMO-C-00046,Osprey Learning Center,Commercial,ap@ospreylearningcenter.example.com,2886 Cypress Knee Way,,Camden,NC,27921,Net 30,No,Yes,DEMO-L-00067,Osprey Learning Center,2886 Cypress Knee Way,,Camden,NC,27921,36.345875,-76.168747,,Commercial & Refrigeration,,,,,,,
DEMO-C-00046,Osprey Learning Center,Commercial,ap@ospreylearningcenter.example.com,2886 Cypress Knee Way,,Camden,NC,27921,Net 30,No,Yes,,,,,,,,,,,,DEMO-CT-00070,Ivan Larkin,(571) 555-0147,,ivan.larkin95@example.com,Yes,Yes
DEMO-C-00047,Juniper Inn,Commercial,ap@juniperinn.example.com,1017 Osprey Ridge Ct,,Elizabeth City,NC,27909,Net 30,No,No,DEMO-L-00068,Juniper Inn,1017 Osprey Ridge Ct,,Elizabeth City,NC,27909,36.321751,-76.273333,,Commercial & Refrigeration,,,,,,,
DEMO-C-00047,Juniper Inn,Commercial,ap@juniperinn.example.com,1017 Osprey Ridge Ct,,Elizabeth City,NC,27909,Net 30,No,No,,,,,,,,,,,,DEMO-CT-00071,Cheyanne Collins,(919) 555-0135,,cheyanne.collins82@example.org,Yes,Yes
DEMO-C-00048,Harbor Light Dental,Commercial,ap@harborlightdental.example.com,1299 Sandhill Crane Ct,,Elizabeth City,NC,27909,Net 30,No,No,DEMO-L-00069,Harbor Light Dental,1299 Sandhill Crane Ct,,Elizabeth City,NC,27909,36.275886,-76.260349,,Commercial & Refrigeration,,,,,,,
DEMO-C-00048,Harbor Light Dental,Commercial,ap@harborlightdental.example.com,1299 Sandhill Crane Ct,,Elizabeth City,NC,27909,Net 30,No,No,,,,,,,,,,,,DEMO-CT-00072,Emmitt Witting,(276) 555-0151,,emmitt.witting45@example.com,Yes,Yes
DEMO-C-00049,Gull Point Market,Commercial,ap@gullpointmarket.example.com,1937 Kingfisher Way,,Hertford,NC,27944,Net 30,No,No,DEMO-L-00070,Gull Point Market,1937 Kingfisher Way,,Hertford,NC,27944,36.19606,-76.493167,,Commercial & Refrigeration,,,,,,,
DEMO-C-00049,Gull Point Market,Commercial,ap@gullpointmarket.example.com,1937 Kingfisher Way,,Hertford,NC,27944,Net 30,No,No,,,,,,,,,,,,DEMO-CT-00073,Lora Bosco,(984) 555-0110,,lora.bosco42@example.org,Yes,Yes
DEMO-C-00050,Harbor Light Self Storage,Commercial,ap@harborlightselfstorage.example.com,718 Kingfisher Rd,,Elizabeth City,NC,27909,Net 30,No,No,DEMO-L-00071,Harbor Light Self Storage,718 Kingfisher Rd,,Elizabeth City,NC,27909,36.333113,-76.263874,,Commercial & Refrigeration,,,,,,,
DEMO-C-00050,Harbor Light Self Storage,Commercial,ap@harborlightselfstorage.example.com,718 Kingfisher Rd,,Elizabeth City,NC,27909,Net 30,No,No,,,,,,,,,,,,DEMO-CT-00074,Americo Runolfsson-Moore,(980) 555-0194,,americo.runolfssonmoore92@example.org,Yes,Yes
DEMO-C-00051,Sound Side Family Medicine,Commercial,ap@soundsidefamilymedicine.example.com,2544 Hickory Bluff Ln,,Camden,NC,27921,Net 30,No,No,DEMO-L-00072,Sound Side Family Medicine,2544 Hickory Bluff Ln,,Camden,NC,27921,36.355498,-76.167772,,Commercial & Refrigeration,,,,,,,
DEMO-C-00051,Sound Side Family Medicine,Commercial,ap@soundsidefamilymedicine.example.com,2544 Hickory Bluff Ln,,Camden,NC,27921,Net 30,No,No,,,,,,,,,,,,DEMO-CT-00075,Major Carroll,(804) 555-0133,(828) 555-0171,major.carroll75@example.net,Yes,Yes
DEMO-C-00052,Riverbend Fellowship Church,Commercial,ap@riverbendfellowshipchurch.example.com,2450 Heron Pond Way,,Elizabeth City,NC,27909,Net 30,No,Yes,DEMO-L-00073,Riverbend Fellowship Church #1,2450 Heron Pond Way,,Elizabeth City,NC,27909,36.294557,-76.276671,,Commercial & Refrigeration,,,,,,,
DEMO-C-00052,Riverbend Fellowship Church,Commercial,ap@riverbendfellowshipchurch.example.com,2450 Heron Pond Way,,Elizabeth City,NC,27909,Net 30,No,Yes,DEMO-L-00074,Riverbend Fellowship Church #2,3925 Whistling Swan Pl,,Moyock,NC,27958,36.542716,-76.205218,,Commercial & Refrigeration,,,,,,,
DEMO-C-00052,Riverbend Fellowship Church,Commercial,ap@riverbendfellowshipchurch.example.com,2450 Heron Pond Way,,Elizabeth City,NC,27909,Net 30,No,Yes,,,,,,,,,,,,DEMO-CT-00076,Rubye Kovacek,(571) 555-0139,,rubye.kovacek10@example.net,No,Yes
DEMO-C-00053,Sandbar Self Storage,Commercial,ap@sandbarselfstorage.example.com,3242 Driftwood Cove Rd,,Hertford,NC,27944,Due Upon Receipt,No,No,DEMO-L-00075,Sandbar Self Storage #1,3242 Driftwood Cove Rd,,Hertford,NC,27944,36.179415,-76.442926,,Commercial & Refrigeration,,,,,,,
DEMO-C-00053,Sandbar Self Storage,Commercial,ap@sandbarselfstorage.example.com,3242 Driftwood Cove Rd,,Hertford,NC,27944,Due Upon Receipt,No,No,DEMO-L-00076,Sandbar Self Storage #2,1437 Heron Pond Pl,,Hertford,NC,27944,36.203776,-76.423642,Use side door,Commercial & Refrigeration,,,,,,,
DEMO-C-00053,Sandbar Self Storage,Commercial,ap@sandbarselfstorage.example.com,3242 Driftwood Cove Rd,,Hertford,NC,27944,Due Upon Receipt,No,No,,,,,,,,,,,,DEMO-CT-00077,Willie Gorczany,(703) 555-0111,,willie.gorczany85@example.com,Yes,Yes
DEMO-C-00054,Drawbridge Law Office,Commercial,ap@drawbridgelawoffice.example.com,2859 Old Ferry Spur Dr,,Hertford,NC,27944,Net 30,No,No,DEMO-L-00077,Drawbridge Law Office,2859 Old Ferry Spur Dr,,Hertford,NC,27944,36.21862,-76.478876,,Commercial & Refrigeration,,,,,,,
DEMO-C-00054,Drawbridge Law Office,Commercial,ap@drawbridgelawoffice.example.com,2859 Old Ferry Spur Dr,,Hertford,NC,27944,Net 30,No,No,,,,,,,,,,,,DEMO-CT-00078,Alexis Aufderhar,(252) 555-0107,,alexis.aufderhar5@example.com,No,Yes
DEMO-C-00055,Sound Side Market,Commercial,ap@soundsidemarket.example.com,776 Kingfisher Pl,,Hertford,NC,27944,Net 30,No,No,DEMO-L-00078,Sound Side Market,776 Kingfisher Pl,,Hertford,NC,27944,36.184961,-76.478993,,Commercial & Refrigeration,,,,,,,
DEMO-C-00055,Sound Side Market,Commercial,ap@soundsidemarket.example.com,776 Kingfisher Pl,,Hertford,NC,27944,Net 30,No,No,,,,,,,,,,,,DEMO-CT-00079,Leon Dibbert,(336) 555-0114,(571) 555-0197,leon.dibbert1@example.net,Yes,Yes
DEMO-C-00056,Saltbox Learning Center,Commercial,ap@saltboxlearningcenter.example.com,3534 Seagrass Dr,,Camden,NC,27921,Net 30,Yes,Yes,DEMO-L-00079,Saltbox Learning Center,3534 Seagrass Dr,,Camden,NC,27921,36.342172,-76.190297,,Commercial & Refrigeration,,,,,,,
DEMO-C-00056,Saltbox Learning Center,Commercial,ap@saltboxlearningcenter.example.com,3534 Seagrass Dr,,Camden,NC,27921,Net 30,Yes,Yes,,,,,,,,,,,,DEMO-CT-00080,Matilde Koelpin,(703) 555-0179,,matilde.koelpin62@example.net,Yes,Yes
DEMO-C-00057,Saltbox Seafood House,Commercial,ap@saltboxseafoodhouse.example.com,2443 Lantern Hill Pl,,Elizabeth City,NC,27909,Net 30,No,No,DEMO-L-00080,Saltbox Seafood House,2443 Lantern Hill Pl,,Elizabeth City,NC,27909,36.271386,-76.272018,,Commercial & Refrigeration,,,,,,,
DEMO-C-00057,Saltbox Seafood House,Commercial,ap@saltboxseafoodhouse.example.com,2443 Lantern Hill Pl,,Elizabeth City,NC,27909,Net 30,No,No,,,,,,,,,,,,DEMO-CT-00081,Krista Walker,(703) 555-0144,,krista.walker12@example.org,No,Yes
DEMO-C-00058,Sandbar Homes LLC,Commercial,office@sandbarhomes.example.com,1772 Teal Landing Ct,,Camden,NC,27921,Net 30,Yes,No,DEMO-L-00081,Sandbar Homes lot 1,104 Juniper Hollow Pl,,Hertford,NC,27944,36.184596,-76.452613,,New Construction,,,,,,,
DEMO-C-00058,Sandbar Homes LLC,Commercial,office@sandbarhomes.example.com,1772 Teal Landing Ct,,Camden,NC,27921,Net 30,Yes,No,,,,,,,,,,,,DEMO-CT-00082,Gabriel Haag,(984) 555-0121,,gabriel.haag80@example.com,Yes,Yes
DEMO-C-00059,Heron Ridge Builders LLC,Commercial,office@heronridgebuilders.example.com,2786 Brackwater Trl,,Elizabeth City,NC,27909,Net 30,Yes,No,DEMO-L-00083,Heron Ridge Builders lot 1,104 Marsh Hen Ct,,Elizabeth City,NC,27909,36.281329,-76.289274,,New Construction,,,,,,,
DEMO-C-00059,Heron Ridge Builders LLC,Commercial,office@heronridgebuilders.example.com,2786 Brackwater Trl,,Elizabeth City,NC,27909,Net 30,Yes,No,,,,,,,,,,,,DEMO-CT-00083,Johathan Turcotte,(571) 555-0171,,johathan.turcotte13@example.net,No,Yes
DEMO-C-00060,Cypress Point Homes LLC,Commercial,office@cypresspointhomes.example.com,4280 Sweetgum Grove Rd,,Elizabeth City,NC,27909,Net 30,Yes,No,DEMO-L-00082,Cypress Point Homes lot 1,104 Cattail Run Pl,,Hertford,NC,27944,36.166514,-76.494888,,New Construction,,,,,,,
DEMO-C-00060,Cypress Point Homes LLC,Commercial,office@cypresspointhomes.example.com,4280 Sweetgum Grove Rd,,Elizabeth City,NC,27909,Net 30,Yes,No,,,,,,,,,,,,DEMO-CT-00084,Ed Mills,(434) 555-0111,,ed.mills23@example.com,Yes,Yes
