Equipment ID,Location ID,Customer ID,Equipment Type,Manufacturer,Model #,Serial #,Install Year,Warranty End,Status,Removed On
DEMO-EQ-00001,DEMO-L-00001,DEMO-C-00001,Furnace,Bryant,BOSCF844,M7O1EOTSO9,2019,9/15/2029,Active,
DEMO-EQ-00002,DEMO-L-00001,DEMO-C-00001,Air Conditioner,York,YRATF4PL,EFGW0O005U,2019,7/15/2029,Active,
DEMO-EQ-00003,DEMO-L-00001,DEMO-C-00001,Water Heater,Bradford White,BWYEISJZI,4091S1COSS,2022,3/15/2032,Active,
DEMO-EQ-00004,DEMO-L-00002,DEMO-C-00002,Furnace,Rheem,R90DBGY0,8KUIRTACXV,2003,11/15/2013,Active,
DEMO-EQ-00005,DEMO-L-00002,DEMO-C-00002,Air Conditioner,Bryant,BHE8J0JQ,VC109GQWGC,2003,6/15/2013,Active,
DEMO-EQ-00006,DEMO-L-00002,DEMO-C-00002,Water Heater,Rheem,RKWNTCH7,VH4LVGDTRZ,2020,2/15/2030,Active,
DEMO-EQ-00007,DEMO-L-00003,DEMO-C-00003,Heat Pump,Trane,T6QM82V5,XEUADK2ZL7,2025,11/15/2035,Active,
DEMO-EQ-00008,DEMO-L-00003,DEMO-C-00003,Air Handler,Trane,T2ZOHWVT,1BPMZRAHNK,2025,10/15/2035,Active,
DEMO-EQ-00009,DEMO-L-00003,DEMO-C-00003,Water Heater,Bradford White,BW3U5J4IL,7E1KL088ON,2011,3/15/2021,Active,
DEMO-EQ-00010,DEMO-L-00004,DEMO-C-00004,Heat Pump,York,YZT10RYB,864WN9SA8A,2000,4/15/2010,Inactive,1/7/2026 2:47 PM
DEMO-EQ-00011,DEMO-L-00004,DEMO-C-00004,Air Handler,Lennox,LM4EHBMW,4ANLKMSRKM,2000,2/15/2010,Inactive,1/7/2026 2:47 PM
DEMO-EQ-00012,DEMO-L-00004,DEMO-C-00004,Water Heater,Bradford White,BWKRYXOKU,81N23WJJQI,2023,5/15/2033,Active,
DEMO-EQ-00013,DEMO-L-00005,DEMO-C-00005,Furnace,Lennox,LTSXIRO9,4B9BYHFJWR,2026,11/15/2036,Active,
DEMO-EQ-00014,DEMO-L-00005,DEMO-C-00005,Air Conditioner,Trane,THX58UM7,VW77NQELYR,2026,9/15/2036,Active,
DEMO-EQ-00015,DEMO-L-00005,DEMO-C-00005,Water Heater,A. O. Smith,AOPN8A8ZC,XY36CQ39E7,2024,6/15/2034,Active,
DEMO-EQ-00016,DEMO-L-00006,DEMO-C-00006,Furnace,Carrier,C9KVX4GF,FSXQ8DE3Q1,2024,6/15/2034,Active,
DEMO-EQ-00017,DEMO-L-00006,DEMO-C-00006,Air Conditioner,Goodman,G8D4NU6E,UXMDHZWLRK,2024,2/15/2034,Inactive,1/8/2026 3:47 PM
DEMO-EQ-00018,DEMO-L-00006,DEMO-C-00006,Water Heater,Rheem,R4N3XGHU,W2HKVQZCIK,2016,8/15/2026,Active,
DEMO-EQ-00019,DEMO-L-00007,DEMO-C-00006,Furnace,Carrier,CQZTUQ4A,RHJD7NNCMN,2012,3/15/2022,Active,
DEMO-EQ-00020,DEMO-L-00007,DEMO-C-00006,Air Conditioner,Carrier,CYHBW1TH,SS0L86HHBB,2012,7/15/2022,Inactive,12/22/2025 2:47 PM
DEMO-EQ-00021,DEMO-L-00007,DEMO-C-00006,Water Heater,Bradford White,BWEL17AYF,7EVSVLJAQ3,2016,9/15/2026,Active,
DEMO-EQ-00022,DEMO-L-00008,DEMO-C-00007,Furnace,Bryant,BXHPF9P1,QSCV24OUW3,2019,9/15/2029,Active,
DEMO-EQ-00023,DEMO-L-00008,DEMO-C-00007,Air Conditioner,Carrier,CLSJPS5H,NIVKM4Q8UB,2019,1/15/2029,Active,
DEMO-EQ-00024,DEMO-L-00008,DEMO-C-00007,Water Heater,Rheem,RTVNTPM2,XQI5GX4RCQ,2008,12/15/2018,Active,
DEMO-EQ-00025,DEMO-L-00009,DEMO-C-00008,Ductless Mini Split,Daikin,DNJ99FC4,S7U2ZML0JX,2012,8/15/2022,Inactive,1/9/2026 3:19 PM
DEMO-EQ-00026,DEMO-L-00009,DEMO-C-00008,Water Heater,Rheem,RRSQNU41,M3GOFF0OHQ,2012,3/15/2022,Active,
DEMO-EQ-00027,DEMO-L-00010,DEMO-C-00009,Heat Pump,Lennox,LK8R7RKE,3DB26XR3OR,2015,7/15/2025,Active,
DEMO-EQ-00028,DEMO-L-00010,DEMO-C-00009,Furnace,Lennox,LXY8XC96,L0R4YV8OXT,2025,2/15/2035,Active,
DEMO-EQ-00029,DEMO-L-00010,DEMO-C-00009,Water Heater,State,SQ3JYDUB,8FAOTD3Q4Y,2016,7/15/2026,Active,
DEMO-EQ-00030,DEMO-L-00011,DEMO-C-00010,Furnace,Carrier,C04I445E,RJ0YDVTBP6,2005,12/15/2015,Active,
DEMO-EQ-00031,DEMO-L-00011,DEMO-C-00010,Air Conditioner,Rheem,RF7AJFXF,OON2YEMR8Z,2005,8/15/2015,Active,
DEMO-EQ-00032,DEMO-L-00011,DEMO-C-00010,Water Heater,Bradford White,BW80LAXRO,BGRISASU7M,2012,6/15/2022,Active,
DEMO-EQ-00033,DEMO-L-00012,DEMO-C-00010,Heat Pump,Rheem,R5Z9CWRJ,P4POBYPCP1,2016,5/15/2026,Active,
DEMO-EQ-00034,DEMO-L-00012,DEMO-C-00010,Furnace,Goodman,GKAPE8S3,OCT9ZLIM6A,2025,11/15/2035,Active,
DEMO-EQ-00035,DEMO-L-00013,DEMO-C-00011,Heat Pump,Carrier,CYCVAWRS,4R2A0G4EO5,2020,2/15/2030,Active,
DEMO-EQ-00036,DEMO-L-00013,DEMO-C-00011,Air Handler,Carrier,CRI7DSS9,NHJ3AE2B49,2020,12/15/2030,Active,
DEMO-EQ-00037,DEMO-L-00013,DEMO-C-00011,Water Heater,Bradford White,BWILVW25K,DZ07443L2D,2018,4/15/2028,Active,
DEMO-EQ-00038,DEMO-L-00014,DEMO-C-00012,Furnace,Bryant,BPMPSV7A,N7OSBL4WEM,2004,10/15/2014,Active,
DEMO-EQ-00039,DEMO-L-00014,DEMO-C-00012,Air Conditioner,Daikin,DBJ2VQS5,5B8DPV8ESV,2004,4/15/2014,Active,
DEMO-EQ-00040,DEMO-L-00014,DEMO-C-00012,Water Heater,Bradford White,BWQ1G5D98,YV6KPEP2VR,2022,12/15/2032,Active,
DEMO-EQ-00041,DEMO-L-00015,DEMO-C-00013,Heat Pump,Lennox,LS82OO7L,8HTWPK674Z,2015,11/15/2025,Active,
DEMO-EQ-00042,DEMO-L-00015,DEMO-C-00013,Air Handler,Rheem,RUJB95RM,QC6BOJXMPO,2015,11/15/2025,Active,
DEMO-EQ-00043,DEMO-L-00015,DEMO-C-00013,Water Heater,Rheem,R96I81N6,CYNGAQWINV,2016,3/15/2026,Active,
DEMO-EQ-00044,DEMO-L-00016,DEMO-C-00014,Furnace,Carrier,CU47OCSM,QCZECXOQVU,2021,11/15/2031,Active,
DEMO-EQ-00045,DEMO-L-00016,DEMO-C-00014,Air Conditioner,Trane,TOTLQ182,785P329ZH1,2021,10/15/2031,Active,
DEMO-EQ-00046,DEMO-L-00016,DEMO-C-00014,Water Heater,State,SJWR6CGQ,18XUDBS4L5,2014,4/15/2024,Active,
DEMO-EQ-00047,DEMO-L-00017,DEMO-C-00015,Heat Pump,Lennox,LN2GUFY8,BDK616GZBK,2020,6/15/2030,Active,
DEMO-EQ-00048,DEMO-L-00017,DEMO-C-00015,Air Handler,Goodman,GHJ1W0Z5,CY3S5WJ7HA,2020,10/15/2030,Active,
DEMO-EQ-00049,DEMO-L-00017,DEMO-C-00015,Water Heater,State,SGKZR7FQ,9G056EDK0Y,2015,10/15/2025,Active,
DEMO-EQ-00050,DEMO-L-00018,DEMO-C-00016,Ductless Mini Split,Lennox,LPHEHDDO,NUV1EKJUN2,2018,3/15/2028,Active,
DEMO-EQ-00051,DEMO-L-00018,DEMO-C-00016,Water Heater,State,S6H9V6NZ,HF1VFNZNG0,2023,6/15/2033,Active,
DEMO-EQ-00052,DEMO-L-00019,DEMO-C-00017,Furnace,Daikin,D38GYL2Q,CN84IR6N94,2022,9/15/2032,Active,
DEMO-EQ-00053,DEMO-L-00019,DEMO-C-00017,Air Conditioner,York,Y97KYT1W,XG0JJ1T4S8,2022,2/15/2032,Active,
DEMO-EQ-00054,DEMO-L-00019,DEMO-C-00017,Water Heater,State,SA8HX9RH,HLJIAYGNMA,2022,9/15/2032,Active,
DEMO-EQ-00055,DEMO-L-00020,DEMO-C-00018,Heat Pump,York,Y081EQ1W,DT5BZTZM22,2025,5/15/2035,Active,
DEMO-EQ-00056,DEMO-L-00020,DEMO-C-00018,Air Handler,Trane,TY3347U0,YJH02XRFFL,2025,8/15/2035,Active,
DEMO-EQ-00057,DEMO-L-00020,DEMO-C-00018,Water Heater,State,S7QG2LRX,ULY4NFA8KQ,2026,8/15/2036,Active,
DEMO-EQ-00058,DEMO-L-00021,DEMO-C-00019,Furnace,Trane,TTYB4I8R,VVQNHW8S5V,2006,1/15/2016,Active,
DEMO-EQ-00059,DEMO-L-00021,DEMO-C-00019,Air Conditioner,York,Y5IFS6L5,19HOI2YJKS,2006,3/15/2016,Active,
DEMO-EQ-00060,DEMO-L-00021,DEMO-C-00019,Water Heater,A. O. Smith,AOPJW7DZS,WG8WK6ZSNC,2017,6/15/2027,Active,
DEMO-EQ-00061,DEMO-L-00022,DEMO-C-00020,Heat Pump,Trane,TY0GYBD7,LQGIX736PR,2011,7/15/2021,Active,
DEMO-EQ-00062,DEMO-L-00022,DEMO-C-00020,Air Handler,Trane,TBUGHRXP,JRA0BKCD0L,2011,12/15/2021,Active,
DEMO-EQ-00063,DEMO-L-00022,DEMO-C-00020,Water Heater,Rheem,REKB70D8,HBXBHGBHJR,2025,8/15/2035,Active,
DEMO-EQ-00064,DEMO-L-00023,DEMO-C-00021,Furnace,Goodman,GHKP9QWF,52A1OHUYDL,2015,7/15/2025,Active,
DEMO-EQ-00065,DEMO-L-00023,DEMO-C-00021,Air Conditioner,Rheem,RK09I4AC,SZHYH8YQOB,2015,6/15/2025,Active,
DEMO-EQ-00066,DEMO-L-00023,DEMO-C-00021,Water Heater,Rheem,RLWVAKX2,XNDIU459VD,2014,11/15/2024,Active,
DEMO-EQ-00067,DEMO-L-00024,DEMO-C-00022,Heat Pump,Trane,T73RNBX7,N8GCHEK2IZ,2008,1/15/2018,Inactive,11/25/2025 3:53 PM
DEMO-EQ-00068,DEMO-L-00024,DEMO-C-00022,Air Handler,Rheem,RBI6PGG6,42C1SAZ3XX,2008,3/15/2018,Inactive,11/25/2025 3:53 PM
DEMO-EQ-00069,DEMO-L-00024,DEMO-C-00022,Water Heater,Rheem,R6Y1HI90,DQWFDPSWN6,2025,3/15/2035,Active,
DEMO-EQ-00070,DEMO-L-00025,DEMO-C-00023,Heat Pump,Daikin,DNJV2R3M,GIAMZY3EIK,2024,2/15/2034,Active,
DEMO-EQ-00071,DEMO-L-00025,DEMO-C-00023,Air Handler,York,YTUANLOL,Z62BICDZPB,2024,7/15/2034,Active,
DEMO-EQ-00072,DEMO-L-00025,DEMO-C-00023,Tankless Water Heater,Rinnai,RBKCV5Q1,3CSAWIDK4U,2011,8/15/2021,Active,
DEMO-EQ-00073,DEMO-L-00026,DEMO-C-00024,Furnace,Lennox,L69QU0VK,729WYOXTOD,2003,1/15/2013,Inactive,12/30/2025 3:28 PM
DEMO-EQ-00074,DEMO-L-00026,DEMO-C-00024,Air Conditioner,Goodman,GWDNXAUO,147VT6ZZWF,2003,7/15/2013,Inactive,12/30/2025 3:28 PM
DEMO-EQ-00075,DEMO-L-00027,DEMO-C-00025,Heat Pump,Rheem,R4XD4WFN,7H73R1X98S,2012,1/15/2022,Active,
DEMO-EQ-00076,DEMO-L-00027,DEMO-C-00025,Air Handler,York,YIZH3EC1,2PHRYHM3R6,2012,9/15/2022,Active,
DEMO-EQ-00077,DEMO-L-00028,DEMO-C-00026,Heat Pump,Bryant,BT3E2ZEW,Y46GKJUSBQ,2024,1/15/2034,Active,
DEMO-EQ-00078,DEMO-L-00028,DEMO-C-00026,Air Handler,Trane,T4DD7VPY,ZK4BI6U5BC,2024,7/15/2034,Active,
DEMO-EQ-00079,DEMO-L-00028,DEMO-C-00026,Water Heater,State,SANVXK62,RR92SEV6KQ,2024,11/15/2034,Active,
DEMO-EQ-00080,DEMO-L-00029,DEMO-C-00027,Heat Pump,Carrier,CLXFLPGW,X9YYJTEMOP,2009,11/15/2019,Active,
DEMO-EQ-00081,DEMO-L-00029,DEMO-C-00027,Air Handler,Goodman,GX67DJ1C,T9IO2UXCE1,2009,12/15/2019,Active,
DEMO-EQ-00082,DEMO-L-00029,DEMO-C-00027,Water Heater,Rheem,RP9AG0U7,GVY4ZH6N23,2015,6/15/2025,Active,
DEMO-EQ-00083,DEMO-L-00030,DEMO-C-00028,Heat Pump,Bryant,BUU4K8CQ,RCQFCO4MSG,2020,9/15/2030,Active,
DEMO-EQ-00084,DEMO-L-00030,DEMO-C-00028,Air Handler,Daikin,DFIEAG7Q,ATG3MSA82S,2020,9/15/2030,Active,
DEMO-EQ-00085,DEMO-L-00030,DEMO-C-00028,Tankless Water Heater,Noritz,NLUWBUDR,ZS1LB5ZFAD,2016,9/15/2026,Active,
DEMO-EQ-00086,DEMO-L-00031,DEMO-C-00029,Heat Pump,Lennox,LK29DXAR,OOQ0VWDVGO,2018,3/15/2028,Inactive,11/21/2025 3:52 PM
DEMO-EQ-00087,DEMO-L-00031,DEMO-C-00029,Air Handler,Trane,TLPXGFOO,1P0M73E2GH,2018,1/15/2028,Inactive,11/21/2025 3:52 PM
DEMO-EQ-00088,DEMO-L-00031,DEMO-C-00029,Water Heater,State,SXZ3NXI4,OXZSI1BF9T,2021,4/15/2031,Active,
DEMO-EQ-00089,DEMO-L-00032,DEMO-C-00030,Furnace,Bryant,B8FSJ7B9,LB8FL9SEZR,2015,1/15/2025,Active,
DEMO-EQ-00090,DEMO-L-00032,DEMO-C-00030,Air Conditioner,Daikin,DB0QK39M,D8U1DLC512,2015,5/15/2025,Active,
DEMO-EQ-00091,DEMO-L-00032,DEMO-C-00030,Water Heater,State,SCTJ7EHJ,L2NIHHGNX3,2018,11/15/2028,Active,
DEMO-EQ-00092,DEMO-L-00033,DEMO-C-00031,Rooftop Unit,Carrier,CYVZDE3F,12EG7800RW,2021,5/15/2031,Active,
DEMO-EQ-00093,DEMO-L-00033,DEMO-C-00031,Rooftop Unit,Bryant,BK0XGH5U,J920JPS6IJ,2014,4/15/2024,Active,
DEMO-EQ-00094,DEMO-L-00033,DEMO-C-00031,Rooftop Unit,Carrier,C5WWX4AI,154T2W80CF,2007,6/15/2017,Active,
DEMO-EQ-00095,DEMO-L-00033,DEMO-C-00031,Reach-In Cooler,Kolpak,K1U4GAHB,DV11CJZN8S,2021,4/15/2031,Active,
DEMO-EQ-00096,DEMO-L-00034,DEMO-C-00031,Rooftop Unit,Goodman,GJA83P8Z,LYHSX82VQA,2024,6/15/2034,Active,
DEMO-EQ-00097,DEMO-L-00034,DEMO-C-00031,Rooftop Unit,Goodman,GJUU2SOI,GVVRTC7P4U,2001,6/15/2011,Active,
DEMO-EQ-00098,DEMO-L-00035,DEMO-C-00031,Rooftop Unit,Daikin,D1AGMCBA,AZNAF19GGK,2013,7/15/2023,Active,
DEMO-EQ-00099,DEMO-L-00035,DEMO-C-00031,Rooftop Unit,Rheem,RR5B5IGT,CAGZQNQDSG,2014,11/15/2024,Active,
DEMO-EQ-00100,DEMO-L-00035,DEMO-C-00031,Reach-In Cooler,Heatcraft,HEHYV3G7,GTZLC0HRSX,2019,1/15/2029,Active,
DEMO-EQ-00101,DEMO-L-00036,DEMO-C-00031,Rooftop Unit,York,YHKU2VM5,1G9R2LHS1J,2006,12/15/2016,Active,
DEMO-EQ-00102,DEMO-L-00037,DEMO-C-00032,Rooftop Unit,Carrier,C4LPEHYS,0X7WYS93Y9,2015,10/15/2025,Active,
DEMO-EQ-00103,DEMO-L-00037,DEMO-C-00032,Rooftop Unit,Trane,TGRSYOA1,7NLYOJTZ0H,2006,6/15/2016,Active,
DEMO-EQ-00104,DEMO-L-00037,DEMO-C-00032,Rooftop Unit,Bryant,BA3PU1SJ,EUIGVFLZ2N,2016,7/15/2026,Active,
DEMO-EQ-00105,DEMO-L-00037,DEMO-C-00032,Rooftop Unit,York,Y7IWNJSO,COXL2IRPPZ,2004,9/15/2014,Active,
DEMO-EQ-00106,DEMO-L-00037,DEMO-C-00032,Reach-In Cooler,Hoshizaki,HSDAKVWX,VDKAVQ3MUD,2021,3/15/2031,Active,
DEMO-EQ-00107,DEMO-L-00038,DEMO-C-00032,Rooftop Unit,York,YFNCSQXD,UDQVVRBYGR,2014,10/15/2024,Active,
DEMO-EQ-00108,DEMO-L-00038,DEMO-C-00032,Rooftop Unit,Daikin,DYSKXD6M,VRFYL8VI22,2004,4/15/2014,Active,
DEMO-EQ-00109,DEMO-L-00038,DEMO-C-00032,Reach-In Cooler,Kolpak,KLF9112S,0YVRGLZMVJ,2021,7/15/2031,Active,
DEMO-EQ-00110,DEMO-L-00039,DEMO-C-00032,Rooftop Unit,Trane,TU68WDHV,BLJ1FBDZUY,2011,3/15/2021,Active,
DEMO-EQ-00111,DEMO-L-00039,DEMO-C-00032,Rooftop Unit,Lennox,LPEC9PEA,0UGAPEFV5O,2003,6/15/2013,Active,
DEMO-EQ-00112,DEMO-L-00039,DEMO-C-00032,Reach-In Cooler,Heatcraft,HAIODKEW,C2ZX4ZSOLB,2021,3/15/2031,Active,
DEMO-EQ-00113,DEMO-L-00040,DEMO-C-00032,Rooftop Unit,Lennox,LU4OZDXP,HBAE7J3NKL,2019,4/15/2029,Active,
DEMO-EQ-00114,DEMO-L-00041,DEMO-C-00032,Rooftop Unit,York,YZTJ3IGA,9V19D89FRL,2025,4/15/2035,Active,
DEMO-EQ-00115,DEMO-L-00041,DEMO-C-00032,Rooftop Unit,Lennox,LDQK0EYQ,3C55VY3VG2,2005,4/15/2015,Active,
DEMO-EQ-00116,DEMO-L-00042,DEMO-C-00032,Rooftop Unit,Goodman,GACFKK32,KTJIUV801R,2014,7/15/2024,Active,
DEMO-EQ-00117,DEMO-L-00042,DEMO-C-00032,Rooftop Unit,Bryant,B1VW3OB8,U1U8TSHD02,2018,1/15/2028,Active,
DEMO-EQ-00118,DEMO-L-00042,DEMO-C-00032,Rooftop Unit,Daikin,DO3QRMZK,8KDPAX2LGK,2019,7/15/2029,Active,
DEMO-EQ-00119,DEMO-L-00042,DEMO-C-00032,Reach-In Cooler,Heatcraft,HC5BEHJM,U5IV0X6523,2020,9/15/2030,Active,
DEMO-EQ-00120,DEMO-L-00043,DEMO-C-00033,Rooftop Unit,Lennox,LICSHTG2,WS6610WXGQ,2021,12/15/2031,Active,
DEMO-EQ-00121,DEMO-L-00043,DEMO-C-00033,Rooftop Unit,Trane,T5Z548EW,5LNMHSODPF,2013,9/15/2023,Active,
DEMO-EQ-00122,DEMO-L-00043,DEMO-C-00033,Rooftop Unit,Daikin,DA92VLBN,7U15UIPIT3,2012,5/15/2022,Active,
DEMO-EQ-00123,DEMO-L-00044,DEMO-C-00033,Rooftop Unit,Bryant,BFN9D9F6,N0G8DI8XT4,2013,9/15/2023,Active,
DEMO-EQ-00124,DEMO-L-00044,DEMO-C-00033,Rooftop Unit,Rheem,R916UCU6,EVK233FQZW,2011,1/15/2021,Active,
DEMO-EQ-00125,DEMO-L-00044,DEMO-C-00033,Rooftop Unit,Trane,TGBPUTU0,MKVHT2XLJB,2003,3/15/2013,Active,
DEMO-EQ-00126,DEMO-L-00044,DEMO-C-00033,Rooftop Unit,Rheem,RB8SS891,89J0LSU8MF,2025,4/15/2035,Active,
DEMO-EQ-00127,DEMO-L-00045,DEMO-C-00033,Rooftop Unit,Rheem,RQTPOBHY,5DB3XEBCQR,2023,7/15/2033,Active,
DEMO-EQ-00128,DEMO-L-00045,DEMO-C-00033,Rooftop Unit,Daikin,DPSVPQTU,9LMFVA6XR0,2016,4/15/2026,Active,
DEMO-EQ-00129,DEMO-L-00045,DEMO-C-00033,Rooftop Unit,Trane,TLGL0INY,GHYVZ6A66I,2020,5/15/2030,Active,
DEMO-EQ-00130,DEMO-L-00046,DEMO-C-00033,Rooftop Unit,Lennox,LU8HTBKU,325SYFDC0Y,2014,4/15/2024,Active,
DEMO-EQ-00131,DEMO-L-00046,DEMO-C-00033,Reach-In Cooler,Kolpak,K42XZHJR,VR07NUD2GX,2020,9/15/2030,Active,
DEMO-EQ-00132,DEMO-L-00047,DEMO-C-00034,Rooftop Unit,Lennox,LXKYPDSX,BJ39RS6RKU,2018,12/15/2028,Active,
DEMO-EQ-00133,DEMO-L-00047,DEMO-C-00034,Rooftop Unit,Rheem,RMPF3JO7,Q951BFR85N,2026,3/15/2036,Active,
DEMO-EQ-00134,DEMO-L-00047,DEMO-C-00034,Rooftop Unit,Lennox,LSSQNJIJ,KX2CZ904PM,2018,5/15/2028,Active,
DEMO-EQ-00135,DEMO-L-00047,DEMO-C-00034,Reach-In Cooler,Manitowoc,M5LCAI0V,LJ145JK6J0,2019,6/15/2029,Active,
DEMO-EQ-00136,DEMO-L-00048,DEMO-C-00034,Rooftop Unit,Rheem,RGQF6VK5,E4Y1HTZ6LA,2005,12/15/2015,Active,
DEMO-EQ-00137,DEMO-L-00048,DEMO-C-00034,Rooftop Unit,York,YS9WKWYL,M08RKLS3MD,2004,7/15/2014,Active,
DEMO-EQ-00138,DEMO-L-00049,DEMO-C-00034,Rooftop Unit,Bryant,B6C99D9F,N71QM4XLG2,2026,5/15/2036,Active,
DEMO-EQ-00139,DEMO-L-00049,DEMO-C-00034,Rooftop Unit,Carrier,CMPKB2EW,P95AL8RYF9,2008,2/15/2018,Active,
DEMO-EQ-00140,DEMO-L-00049,DEMO-C-00034,Reach-In Cooler,Heatcraft,H4Q73EDL,U7ICGKYZAA,2021,11/15/2031,Active,
DEMO-EQ-00141,DEMO-L-00050,DEMO-C-00034,Rooftop Unit,Bryant,BY5Y8GEW,UWBPLSMMWE,2020,1/15/2030,Active,
DEMO-EQ-00142,DEMO-L-00050,DEMO-C-00034,Rooftop Unit,Bryant,BEWO6F2N,45WVPLGIZC,2014,1/15/2024,Active,
DEMO-EQ-00143,DEMO-L-00051,DEMO-C-00034,Rooftop Unit,Carrier,CP0DNT93,TA8BZT80T4,2018,10/15/2028,Active,
DEMO-EQ-00144,DEMO-L-00051,DEMO-C-00034,Rooftop Unit,Rheem,RA0VKIL1,799BBF3E10,2004,12/15/2014,Active,
DEMO-EQ-00145,DEMO-L-00052,DEMO-C-00034,Rooftop Unit,Lennox,LLBZQCVH,TPO8SP781T,2019,12/15/2029,Active,
DEMO-EQ-00146,DEMO-L-00052,DEMO-C-00034,Rooftop Unit,Rheem,RAY324RH,XB0MRQWME4,2016,10/15/2026,Active,
DEMO-EQ-00147,DEMO-L-00052,DEMO-C-00034,Rooftop Unit,Lennox,LC8QBM2Y,FB2TF4QK3O,2012,8/15/2022,Active,
DEMO-EQ-00148,DEMO-L-00052,DEMO-C-00034,Rooftop Unit,Trane,T00IYIEU,M1B28LWBOF,2019,4/15/2029,Active,
DEMO-EQ-00149,DEMO-L-00053,DEMO-C-00035,Rooftop Unit,Bryant,BMGL7BIO,2321TASYC5,2011,10/15/2021,Active,
DEMO-EQ-00150,DEMO-L-00054,DEMO-C-00036,Rooftop Unit,Goodman,GRC6OJ96,VFAVS67MBY,2016,7/15/2026,Active,
DEMO-EQ-00151,DEMO-L-00054,DEMO-C-00036,Rooftop Unit,Carrier,CNLVWM08,PGB0E3Y3SM,2017,8/15/2027,Active,
DEMO-EQ-00152,DEMO-L-00055,DEMO-C-00037,Rooftop Unit,Daikin,D25HLSNY,E4NC6P8XA1,2015,10/15/2025,Active,
DEMO-EQ-00153,DEMO-L-00055,DEMO-C-00037,Rooftop Unit,Lennox,L4D07WMB,Z0ML25RJAP,2009,10/15/2019,Active,
DEMO-EQ-00154,DEMO-L-00055,DEMO-C-00037,Rooftop Unit,Rheem,RK2S6OD4,LD6N62IQYT,2004,10/15/2014,Active,
DEMO-EQ-00155,DEMO-L-00056,DEMO-C-00038,Rooftop Unit,Carrier,CQ9H0AJ8,DZA491LFPF,2022,4/15/2032,Active,
DEMO-EQ-00156,DEMO-L-00057,DEMO-C-00039,Rooftop Unit,Carrier,C4HQQLMY,F8IXB5TUEX,2025,7/15/2035,Active,
DEMO-EQ-00157,DEMO-L-00057,DEMO-C-00039,Rooftop Unit,Carrier,CMM617HI,T85A7V2BLY,2025,3/15/2035,Active,
DEMO-EQ-00158,DEMO-L-00057,DEMO-C-00039,Rooftop Unit,Trane,T6TK4UJR,VBBGJB81BA,2020,7/15/2030,Active,
DEMO-EQ-00159,DEMO-L-00058,DEMO-C-00039,Rooftop Unit,Lennox,LGXSTDS1,T30ET57UZK,2014,3/15/2024,Active,
DEMO-EQ-00160,DEMO-L-00059,DEMO-C-00040,Rooftop Unit,Rheem,RGLRKEGX,5SJ1BI7LU7,2003,12/15/2013,Active,
DEMO-EQ-00161,DEMO-L-00059,DEMO-C-00040,Reach-In Cooler,Hoshizaki,HBXGYGHH,IICGZ5VTMN,2017,8/15/2027,Active,
DEMO-EQ-00162,DEMO-L-00060,DEMO-C-00041,Rooftop Unit,Rheem,RPG8KNBR,S99YZDM2RC,2025,11/15/2035,Active,
DEMO-EQ-00163,DEMO-L-00060,DEMO-C-00041,Rooftop Unit,Daikin,DW3ZW0CG,EA7B00HCPD,2012,4/15/2022,Active,
DEMO-EQ-00164,DEMO-L-00060,DEMO-C-00041,Rooftop Unit,Goodman,GJF9IOVK,67DZU2IKYR,2014,10/15/2024,Active,
DEMO-EQ-00165,DEMO-L-00060,DEMO-C-00041,Rooftop Unit,Rheem,RNU33P6F,QEKYOH4ASM,2026,4/15/2036,Active,
DEMO-EQ-00166,DEMO-L-00061,DEMO-C-00041,Rooftop Unit,Daikin,DU84ZAKM,RIZVM7QIHQ,2013,5/15/2023,Active,
DEMO-EQ-00167,DEMO-L-00061,DEMO-C-00041,Rooftop Unit,Bryant,B80Q72JM,PHRSGV5WG3,2009,7/15/2019,Active,
DEMO-EQ-00168,DEMO-L-00062,DEMO-C-00042,Rooftop Unit,Goodman,GH2EOZ2A,36IOC6HSN8,2007,10/15/2017,Active,
DEMO-EQ-00169,DEMO-L-00062,DEMO-C-00042,Rooftop Unit,York,YY6ED9VC,MBSJQJA24R,2018,9/15/2028,Active,
DEMO-EQ-00170,DEMO-L-00062,DEMO-C-00042,Rooftop Unit,Goodman,GO23G7ZR,ISGSJAK1EQ,2012,2/15/2022,Active,
DEMO-EQ-00171,DEMO-L-00062,DEMO-C-00042,Rooftop Unit,Daikin,DS3TNLUP,5F9GG9EM18,2017,6/15/2027,Active,
DEMO-EQ-00172,DEMO-L-00063,DEMO-C-00043,Rooftop Unit,Lennox,LM49VRXF,CJ02J88DKC,2019,5/15/2029,Active,
DEMO-EQ-00173,DEMO-L-00063,DEMO-C-00043,Walk-In Cooler,Hoshizaki,H3V7VOHQ,2IIBHS8FS8,2016,10/15/2026,Active,
DEMO-EQ-00174,DEMO-L-00063,DEMO-C-00043,Walk-In Freezer,Hoshizaki,HR2MVH0B,HVJK3CA1YW,2016,4/15/2026,Active,
DEMO-EQ-00175,DEMO-L-00063,DEMO-C-00043,Ice Machine,Manitowoc,MWB8R5VB,5KPNK0NNVQ,2017,6/15/2027,Active,
DEMO-EQ-00176,DEMO-L-00063,DEMO-C-00043,Reach-In Cooler,Manitowoc,M9GJISB7,A4C6UAHUDP,2016,9/15/2026,Active,
DEMO-EQ-00177,DEMO-L-00064,DEMO-C-00044,Rooftop Unit,Lennox,LR4XZ8E7,YYZJZEN6EW,2024,12/15/2034,Active,
DEMO-EQ-00178,DEMO-L-00064,DEMO-C-00044,Walk-In Cooler,Heatcraft,HJE0EDI0,AHJ0ES2U4W,2007,11/15/2017,Active,
DEMO-EQ-00179,DEMO-L-00064,DEMO-C-00044,Walk-In Freezer,Hoshizaki,HD20875Z,WKMKNPM69Q,2000,5/15/2010,Active,
DEMO-EQ-00180,DEMO-L-00064,DEMO-C-00044,Ice Machine,Heatcraft,HYD3AXSS,KDXPL145QQ,2022,12/15/2032,Active,
DEMO-EQ-00181,DEMO-L-00064,DEMO-C-00044,Reach-In Cooler,True,TJUFMLHA,VY6N03NY9A,2015,3/15/2025,Active,
DEMO-EQ-00182,DEMO-L-00065,DEMO-C-00044,Rooftop Unit,Goodman,G2U48LY8,K908SUEEDA,2017,11/15/2027,Active,
DEMO-EQ-00183,DEMO-L-00065,DEMO-C-00044,Rooftop Unit,York,Y71WQH9A,POCBGQMT4X,2002,11/15/2012,Active,
DEMO-EQ-00184,DEMO-L-00065,DEMO-C-00044,Walk-In Cooler,Heatcraft,H7ADGOKY,PX3M8XNPSC,2018,3/15/2028,Active,
DEMO-EQ-00185,DEMO-L-00065,DEMO-C-00044,Ice Machine,Hoshizaki,HB7LE9JA,KSAOZCJWWX,2019,4/15/2029,Active,
DEMO-EQ-00186,DEMO-L-00065,DEMO-C-00044,Reach-In Cooler,True,TPLAKWAW,KE4P1X2ZQ2,2018,3/15/2028,Active,
DEMO-EQ-00187,DEMO-L-00066,DEMO-C-00045,Rooftop Unit,York,Y2O06FV2,M20R38S8UU,2009,1/15/2019,Active,
DEMO-EQ-00188,DEMO-L-00066,DEMO-C-00045,Rooftop Unit,Carrier,CIOZX8Z4,GU15DEJNTN,2004,7/15/2014,Active,
DEMO-EQ-00189,DEMO-L-00066,DEMO-C-00045,Rooftop Unit,Daikin,DETY03DL,QOWDKYK8K1,2022,5/15/2032,Active,
DEMO-EQ-00190,DEMO-L-00066,DEMO-C-00045,Walk-In Cooler,Kolpak,K7KEQTKP,H39VQMI2X0,2004,10/15/2014,Active,
DEMO-EQ-00191,DEMO-L-00066,DEMO-C-00045,Walk-In Freezer,Kolpak,KND8NCA3,7N3TOSE0C4,2015,6/15/2025,Active,
DEMO-EQ-00192,DEMO-L-00066,DEMO-C-00045,Ice Machine,Kolpak,KXHQEN5D,MKKUW6B5NI,2026,7/15/2036,Active,
DEMO-EQ-00193,DEMO-L-00066,DEMO-C-00045,Reach-In Cooler,Heatcraft,HO7WZSAY,ITDXFTRHKR,2020,1/15/2030,Active,
DEMO-EQ-00194,DEMO-L-00067,DEMO-C-00046,Rooftop Unit,Trane,TCYZMT47,02FI2G3FLV,2001,2/15/2011,Active,
DEMO-EQ-00195,DEMO-L-00068,DEMO-C-00047,Rooftop Unit,Bryant,B91KQZ0I,RXHF57QO60,2015,4/15/2025,Active,
DEMO-EQ-00196,DEMO-L-00068,DEMO-C-00047,Rooftop Unit,Trane,TOD6DYDQ,MLUMIUQDBJ,2020,10/15/2030,Active,
DEMO-EQ-00197,DEMO-L-00069,DEMO-C-00048,Rooftop Unit,Rheem,RBAF0WM2,7S61Y31XP8,2012,1/15/2022,Active,
DEMO-EQ-00198,DEMO-L-00070,DEMO-C-00049,Rooftop Unit,Rheem,R9R9R2EZ,H1S34GSBER,2005,2/15/2015,Active,
DEMO-EQ-00199,DEMO-L-00070,DEMO-C-00049,Rooftop Unit,Lennox,LR9CC60R,PQVUE10WSI,2004,8/15/2014,Active,
DEMO-EQ-00200,DEMO-L-00070,DEMO-C-00049,Rooftop Unit,Rheem,R04FJCLX,IOZGH5C62O,2015,11/15/2025,Active,
DEMO-EQ-00201,DEMO-L-00070,DEMO-C-00049,Rooftop Unit,Lennox,L24O7ZEW,U4BR4VQWHN,2024,4/15/2034,Active,
DEMO-EQ-00202,DEMO-L-00071,DEMO-C-00050,Rooftop Unit,Rheem,RB6NF3SO,Q4K3UB0MLV,2023,3/15/2033,Active,
DEMO-EQ-00203,DEMO-L-00071,DEMO-C-00050,Rooftop Unit,Carrier,CS0SIBHF,FX1CFIJC17,2024,2/15/2034,Active,
DEMO-EQ-00204,DEMO-L-00072,DEMO-C-00051,Rooftop Unit,Carrier,CMCYJA9G,US07DBY37G,2015,10/15/2025,Active,
DEMO-EQ-00205,DEMO-L-00073,DEMO-C-00052,Rooftop Unit,Goodman,GK1O45AD,51NGA2XND2,2019,6/15/2029,Active,
DEMO-EQ-00206,DEMO-L-00073,DEMO-C-00052,Rooftop Unit,Rheem,RQGP8FG3,LHFI26T5IW,2017,5/15/2027,Active,
DEMO-EQ-00207,DEMO-L-00073,DEMO-C-00052,Rooftop Unit,Bryant,BCIFUAY8,HNK7SJDCR2,2024,10/15/2034,Active,
DEMO-EQ-00208,DEMO-L-00074,DEMO-C-00052,Rooftop Unit,Goodman,GOSZ5UAO,CD6KJ64SN5,2026,10/15/2036,Active,
DEMO-EQ-00209,DEMO-L-00074,DEMO-C-00052,Rooftop Unit,Rheem,RBE93D1F,J2J3LXCS18,2017,11/15/2027,Active,
DEMO-EQ-00210,DEMO-L-00074,DEMO-C-00052,Rooftop Unit,Daikin,DX9VZPD8,XYTFGU6MPE,2026,4/15/2036,Active,
DEMO-EQ-00211,DEMO-L-00075,DEMO-C-00053,Rooftop Unit,Rheem,RP1N9W19,WFGBF7V41W,2016,10/15/2026,Active,
DEMO-EQ-00212,DEMO-L-00075,DEMO-C-00053,Rooftop Unit,Carrier,CQPOWOMN,ZGX1N4KQCX,2013,10/15/2023,Active,
DEMO-EQ-00213,DEMO-L-00075,DEMO-C-00053,Rooftop Unit,Daikin,DXI5FHXE,SCS0HJYNEX,2009,12/15/2019,Active,
DEMO-EQ-00214,DEMO-L-00076,DEMO-C-00053,Rooftop Unit,Trane,TVN73SDC,LPVMR5LZOF,2015,2/15/2025,Active,
DEMO-EQ-00215,DEMO-L-00076,DEMO-C-00053,Rooftop Unit,Trane,TBLVCS1O,5ITR3VPKUX,2021,10/15/2031,Active,
DEMO-EQ-00216,DEMO-L-00076,DEMO-C-00053,Rooftop Unit,Bryant,BRTBM3G5,SWNHQRNR26,2013,3/15/2023,Active,
DEMO-EQ-00217,DEMO-L-00077,DEMO-C-00054,Rooftop Unit,Lennox,LAP4KCOQ,IWFPNEC76A,2011,3/15/2021,Active,
DEMO-EQ-00218,DEMO-L-00077,DEMO-C-00054,Rooftop Unit,Goodman,GZDL4TIA,RF8SBJON38,2001,8/15/2011,Active,
DEMO-EQ-00219,DEMO-L-00078,DEMO-C-00055,Rooftop Unit,Trane,T2ROAWRD,Z0SX8RR9KU,2025,2/15/2035,Active,
DEMO-EQ-00220,DEMO-L-00078,DEMO-C-00055,Rooftop Unit,Bryant,BV6YOA22,IXGVEGFW0G,2015,7/15/2025,Active,
DEMO-EQ-00221,DEMO-L-00078,DEMO-C-00055,Rooftop Unit,Lennox,LZMME1TB,D6M31KCU2M,2023,8/15/2033,Active,
DEMO-EQ-00222,DEMO-L-00079,DEMO-C-00056,Rooftop Unit,Daikin,DNSHZ7TD,YZQH6RXF1B,2001,1/15/2011,Active,
DEMO-EQ-00223,DEMO-L-00079,DEMO-C-00056,Rooftop Unit,Daikin,DII9JWUT,A2IHF8DPDF,2024,9/15/2034,Active,
DEMO-EQ-00224,DEMO-L-00079,DEMO-C-00056,Rooftop Unit,Rheem,RQINPU5J,G8IWO87N0S,2008,2/15/2018,Active,
DEMO-EQ-00225,DEMO-L-00079,DEMO-C-00056,Rooftop Unit,Lennox,LU2G9KS8,V81ZJ3TULT,2011,5/15/2021,Active,
DEMO-EQ-00226,DEMO-L-00080,DEMO-C-00057,Rooftop Unit,Bryant,BBDR3OMP,PBNTAUEKP3,2008,6/15/2018,Active,
DEMO-EQ-00227,DEMO-L-00080,DEMO-C-00057,Walk-In Cooler,Manitowoc,MHXXU4S3,U0H07J4TJJ,2016,2/15/2026,Active,
DEMO-EQ-00228,DEMO-L-00080,DEMO-C-00057,Walk-In Freezer,True,TMOPZ4YB,BHVSM0CEQB,2022,5/15/2032,Active,
DEMO-EQ-00229,DEMO-L-00080,DEMO-C-00057,Ice Machine,Kolpak,KAFDIYQY,B5TW8FZRSA,2015,1/15/2025,Active,
DEMO-EQ-00230,DEMO-L-00080,DEMO-C-00057,Reach-In Cooler,True,TQO4UUGK,ZV3WJW5JOR,2017,9/15/2027,Active,
DEMO-EQ-00231,DEMO-L-00031,DEMO-C-00029,Heat Pump,Trane,TFLNRRM3,89YMJAXW3F,2025,4/15/2035,Active,
DEMO-EQ-00232,DEMO-L-00031,DEMO-C-00029,Air Handler,Bryant,BGX2OZP6,6P80QHW9PN,2025,12/15/2035,Active,
DEMO-EQ-00233,DEMO-L-00024,DEMO-C-00022,Heat Pump,Trane,TRPXHYQA,H2RUE9M7ZL,2025,1/15/2035,Active,
DEMO-EQ-00234,DEMO-L-00024,DEMO-C-00022,Air Handler,York,Y6PZ5RS8,OVGL651RYW,2025,6/15/2035,Active,
DEMO-EQ-00235,DEMO-L-00007,DEMO-C-00006,Air Conditioner,York,Y45R0CQT,ZBUYDISCM3,2025,8/15/2035,Active,
DEMO-EQ-00236,DEMO-L-00026,DEMO-C-00024,Air Conditioner,Carrier,C7MIGB4V,AC0SARCOR6,2025,1/15/2035,Active,
DEMO-EQ-00237,DEMO-L-00026,DEMO-C-00024,Furnace,Daikin,DQRFJ2UV,A1YDGK1ALA,2025,1/15/2035,Active,
DEMO-EQ-00238,DEMO-L-00004,DEMO-C-00004,Heat Pump,Rheem,RB53GF63,CGQQBP954J,2026,8/15/2036,Active,
DEMO-EQ-00239,DEMO-L-00004,DEMO-C-00004,Air Handler,Bryant,BU21OK4H,KYR6CF9YAJ,2026,9/15/2036,Active,
DEMO-EQ-00240,DEMO-L-00006,DEMO-C-00006,Air Conditioner,Daikin,DM7159XU,VGRV9TMP7S,2026,7/15/2036,Active,
DEMO-EQ-00241,DEMO-L-00009,DEMO-C-00008,Ductless Mini Split,Daikin,DI41N4T1,ERGFJ0CHQP,2026,3/15/2036,Active,
