Membership ID,Customer ID,Location ID,Membership Type ID,Membership Type,Status,Start Date,End Date,Visits Remaining,Price,Auto Renew,Sold By,Canceled On
DEMO-M-00001,DEMO-C-00004,DEMO-L-00004,DEMO-MP-00001,Comfort Club,Active,3/3/2025,3/3/2026,1,$199.00,Yes,,
DEMO-M-00002,DEMO-C-00006,DEMO-L-00006,DEMO-MP-00001,Comfort Club,Active,10/5/2025,10/5/2026,1,$199.00,Yes,,
DEMO-M-00003,DEMO-C-00011,DEMO-L-00013,DEMO-MP-00001,Comfort Club,Active,9/1/2025,9/1/2026,0,$199.00,Yes,,
DEMO-M-00004,DEMO-C-00013,DEMO-L-00015,DEMO-MP-00001,Comfort Club,Active,10/2/2025,10/2/2026,1,$199.00,Yes,,
DEMO-M-00005,DEMO-C-00016,DEMO-L-00018,DEMO-MP-00001,Comfort Club,Active,7/22/2025,7/22/2026,0,$199.00,No,,
DEMO-M-00006,DEMO-C-00017,DEMO-L-00019,DEMO-MP-00001,Comfort Club,Active,9/17/2025,9/17/2026,0,$199.00,No,,
DEMO-M-00007,DEMO-C-00018,DEMO-L-00020,DEMO-MP-00001,Comfort Club,Active,9/26/2025,9/26/2026,0,$199.00,Yes,,
DEMO-M-00008,DEMO-C-00020,DEMO-L-00022,DEMO-MP-00001,Comfort Club,Active,5/28/2025,5/28/2026,0,$199.00,Yes,,
DEMO-M-00009,DEMO-C-00024,DEMO-L-00026,DEMO-MP-00001,Comfort Club,Active,8/26/2025,8/26/2026,0,$199.00,Yes,,
DEMO-M-00010,DEMO-C-00025,DEMO-L-00027,DEMO-MP-00001,Comfort Club,Active,4/6/2025,4/6/2026,1,$199.00,Yes,,
DEMO-M-00011,DEMO-C-00026,DEMO-L-00028,DEMO-MP-00001,Comfort Club,Active,8/21/2025,8/21/2026,1,$199.00,No,,
DEMO-M-00012,DEMO-C-00029,DEMO-L-00031,DEMO-MP-00001,Comfort Club,Active,7/6/2025,7/6/2026,1,$199.00,No,,
DEMO-M-00013,DEMO-C-00028,DEMO-L-00030,DEMO-MP-00001,Comfort Club,Active,11/18/2025,11/18/2026,1,$199.00,No,DEMO-E-00004,
DEMO-M-00014,DEMO-C-00023,DEMO-L-00025,DEMO-MP-00001,Comfort Club,Active,12/30/2025,12/30/2026,1,$199.00,Yes,DEMO-E-00004,
