Payment ID,Invoice #,Job #,Customer ID,Customer Name,Business Unit,Payment Type,Paid On,Amount,Fee,Check #,Reference,Memo
DEMO-P-000001,DEMO-I-000001,DEMO-J-000001,DEMO-C-00006,Inez McLaughlin,HVAC Service,Credit Card (Keyed),11/17/2025 9:41 AM,$385.65,$11.48,,,
DEMO-P-000002,DEMO-I-000002,DEMO-J-000002,DEMO-C-00026,Cara Beatty,HVAC Service,Cash,11/17/2025 11:28 AM,$161.00,$0.00,,,
DEMO-P-000003,DEMO-I-000004,DEMO-J-000004,DEMO-C-00052,Riverbend Fellowship Church,Commercial & Refrigeration,Check,1/11/2026 11:00 AM,"$2,300.00",$0.00,3501,,
DEMO-P-000004,DEMO-I-000005,DEMO-J-000005,DEMO-C-00003,Madalyn Toy,HVAC Service,Credit Card (Keyed),11/17/2025 10:11 AM,$440.00,$13.06,,,
DEMO-P-000005,DEMO-I-000006,DEMO-J-000007,DEMO-C-00004,Brennon Homenick,HVAC Service,Credit Card (Pay Link),11/17/2025 10:11 AM,"$1,178.07",$34.46,,,
DEMO-P-000006,DEMO-I-000007,DEMO-J-000008,DEMO-C-00044,Sound Side Grill,Commercial & Refrigeration,Check,12/30/2025 11:00 AM,"$1,936.05",$0.00,3683,,
DEMO-P-000007,DEMO-I-000008,DEMO-J-000009,DEMO-C-00025,Micah Larkin,HVAC Service,Check,11/17/2025 10:00 AM,$86.67,$0.00,7660,,
DEMO-P-000008,DEMO-I-000010,DEMO-J-000011,DEMO-C-00017,German Thompson,Plumbing,Credit Card (Keyed),11/17/2025 12:03 PM,"$2,542.32",$74.03,,,
DEMO-P-000009,DEMO-I-000011,DEMO-J-000012,DEMO-C-00027,Sidney Kohler,Plumbing,Check,11/17/2025 5:16 PM,"$2,443.65",$0.00,5692,,
DEMO-P-000010,DEMO-I-000012,DEMO-J-000013,DEMO-C-00023,Declan Jaskolski,Plumbing,Credit Card (Pay Link),11/17/2025 10:32 AM,$520.00,$15.38,,,
DEMO-P-000011,DEMO-I-000013,DEMO-J-000014,DEMO-C-00028,Freida Kohler,HVAC Service,Credit Card (Pay Link),11/18/2025 10:37 AM,"$1,215.26",$35.54,,,
DEMO-P-000012,DEMO-I-000014,DEMO-J-000015,DEMO-C-00029,Kallie Durgan,HVAC Service,Credit Card (Keyed),11/18/2025 2:33 PM,"$1,611.00",$47.02,,,
DEMO-P-000013,DEMO-I-000015,DEMO-J-000017,DEMO-C-00032,Cypress Hardware Group,Commercial & Refrigeration,Check,1/6/2026 11:00 AM,$490.00,$0.00,2150,,
DEMO-P-000014,DEMO-I-000016,DEMO-J-000018,DEMO-C-00023,Declan Jaskolski,HVAC Service,Credit Card (Pay Link),11/18/2025 3:19 PM,"$2,535.00",$73.82,,,
DEMO-P-000015,DEMO-I-000017,DEMO-J-000019,DEMO-C-00014,Haskell Bauch,HVAC Service,Credit Card (Pay Link),11/30/2025 7:33 PM,"$1,860.65",$54.26,,,
DEMO-P-000016,DEMO-I-000018,DEMO-J-000021,DEMO-C-00028,Freida Kohler,HVAC Service,Check,11/18/2025 10:26 AM,$86.67,$0.00,6922,,
DEMO-P-000017,DEMO-I-000019,DEMO-J-000022,DEMO-C-00021,Silas Bauch,HVAC Service,Cash,11/18/2025 1:24 PM,$879.00,$0.00,,,
DEMO-P-000018,DEMO-I-000020,DEMO-J-000023,DEMO-C-00025,Micah Larkin,HVAC Service,Credit Card (Pay Link),11/28/2025 6:33 PM,$407.00,$12.10,,,
DEMO-P-000019,DEMO-I-000021,DEMO-J-000024,DEMO-C-00014,Haskell Bauch,HVAC Service,Credit Card (Pay Link),11/18/2025 12:28 PM,$838.65,$24.62,,,
DEMO-P-000020,DEMO-I-000022,DEMO-J-000025,DEMO-C-00024,Jared Thiel,Plumbing,Credit Card (Pay Link),11/24/2025 5:43 PM,$293.00,$8.80,,,
DEMO-P-000021,DEMO-I-000023,DEMO-J-000026,DEMO-C-00006,Inez McLaughlin,Plumbing,Credit Card (Pay Link),11/18/2025 12:19 PM,$395.00,$11.76,,,
DEMO-P-000022,DEMO-I-000024,DEMO-J-000027,DEMO-C-00025,Micah Larkin,Plumbing,Credit Card (Pay Link),11/18/2025 10:11 AM,$208.00,$6.33,,,
DEMO-P-000023,DEMO-I-000026,DEMO-J-000029,DEMO-C-00019,Phil Runte,HVAC Service,Credit Card (Pay Link),11/19/2025 11:17 AM,$196.65,$6.00,,,
DEMO-P-000024,DEMO-I-000028,DEMO-J-000031,DEMO-C-00016,Estel Kunde,HVAC Service,Credit Card (Keyed),11/19/2025 12:45 PM,$297.00,$8.91,,,
DEMO-P-000025,DEMO-I-000029,DEMO-J-000032,DEMO-C-00023,Declan Jaskolski,HVAC Service,Credit Card (Pay Link),11/19/2025 4:16 PM,$779.00,$22.89,,,
DEMO-P-000026,DEMO-I-000030,DEMO-J-000033,DEMO-C-00010,Alize Cassin,HVAC Service,Credit Card (Pay Link),11/19/2025 10:38 AM,$805.65,$23.66,,,
DEMO-P-000027,DEMO-I-000031,DEMO-J-000034,DEMO-C-00028,Freida Kohler,HVAC Service,Credit Card (Pay Link),12/2/2025 6:47 PM,$591.00,$17.44,,,
DEMO-P-000028,DEMO-I-000033,DEMO-J-000036,DEMO-C-00018,Thad Hilll,HVAC Service,Check,12/1/2025 2:25 PM,$86.67,$0.00,4227,,
DEMO-P-000029,DEMO-I-000034,DEMO-J-000037,DEMO-C-00026,Cara Beatty,Plumbing,Credit Card (Pay Link),11/19/2025 11:40 AM,$761.00,$22.37,,,
DEMO-P-000030,DEMO-I-000035,DEMO-J-000038,DEMO-C-00028,Freida Kohler,Plumbing,Check,11/19/2025 4:06 PM,$858.00,$0.00,4058,,
DEMO-P-000031,DEMO-I-000036,DEMO-J-000039,DEMO-C-00002,Natasha Pfannerstill,Plumbing,Cash,11/19/2025 12:29 PM,"$3,085.65",$0.00,,,
DEMO-P-000032,DEMO-I-000037,DEMO-J-000040,DEMO-C-00010,Alize Cassin,Plumbing,Credit Card (Keyed),11/19/2025 3:04 PM,$520.00,$15.38,,,
DEMO-P-000033,DEMO-I-000038,DEMO-J-000041,DEMO-C-00021,Silas Bauch,Plumbing,Credit Card (Keyed),11/19/2025 7:20 PM,"$2,122.65",$61.86,,,
DEMO-P-000034,DEMO-I-000039,DEMO-J-000044,DEMO-C-00023,Declan Jaskolski,HVAC Service,Credit Card (Keyed),11/20/2025 11:42 AM,$384.00,$11.44,,,
DEMO-P-000035,DEMO-I-000040,DEMO-J-000045,DEMO-C-00032,Cypress Hardware Group,Commercial & Refrigeration,Check,12/22/2025 11:00 AM,$454.00,$0.00,7695,,
DEMO-P-000036,DEMO-I-000041,DEMO-J-000046,DEMO-C-00037,Juniper Pharmacy,Commercial & Refrigeration,Check,1/8/2026 11:00 AM,"$1,395.00",$0.00,6923,,
DEMO-P-000037,DEMO-I-000042,DEMO-J-000047,DEMO-C-00013,Jessica Waters,HVAC Service,Check,11/20/2025 10:22 AM,$268.57,$0.00,1367,,
DEMO-P-000038,DEMO-I-000043,DEMO-J-000048,DEMO-C-00004,Brennon Homenick,HVAC Service,Credit Card (Pay Link),11/20/2025 12:29 PM,$293.00,$8.80,,,
DEMO-P-000039,DEMO-I-000044,DEMO-J-000049,DEMO-C-00050,Harbor Light Self Storage,Commercial & Refrigeration,ACH,1/10/2026 11:00 AM,$454.00,$3.63,,,
DEMO-P-000040,DEMO-I-000045,DEMO-J-000050,DEMO-C-00034,Marsh Point Outfitters Group,Commercial & Refrigeration,Check,11/28/2025 11:00 AM,"$1,175.00",$0.00,1060,,
DEMO-P-000041,DEMO-I-000046,DEMO-J-000051,DEMO-C-00011,Cole Flatley,HVAC Service,Credit Card (Pay Link),11/20/2025 10:15 AM,$632.37,$18.64,,,
DEMO-P-000042,DEMO-I-000047,DEMO-J-000052,DEMO-C-00017,German Thompson,Plumbing,Credit Card (Pay Link),11/20/2025 10:21 AM,$336.00,$10.04,,,
DEMO-P-000043,DEMO-I-000048,DEMO-J-000053,DEMO-C-00002,Natasha Pfannerstill,Plumbing,Check,12/3/2025 10:24 AM,$680.00,$0.00,2141,,
DEMO-P-000044,DEMO-I-000049,DEMO-J-000054,DEMO-C-00029,Kallie Durgan,HVAC Service,Credit Card (Pay Link),11/21/2025 10:29 AM,$246.00,$7.43,,,
DEMO-P-000045,DEMO-I-000050,DEMO-J-000055,DEMO-C-00012,Kasey McClure,HVAC Service,Cash,11/21/2025 12:16 PM,$440.00,$0.00,,,
DEMO-P-000046,DEMO-I-000051,DEMO-J-000056,DEMO-C-00013,Jessica Waters,HVAC Service,Credit Card (Pay Link),11/26/2025 2:11 PM,$161.00,$4.97,,,
DEMO-P-000047,DEMO-I-000052,DEMO-J-000057,DEMO-C-00024,Jared Thiel,HVAC Service,Credit Card (Pay Link),11/21/2025 12:29 PM,$268.57,$8.09,,,
DEMO-P-000048,DEMO-I-000053,DEMO-J-000058,DEMO-C-00015,Nathen Rosenbaum,HVAC Service,Check,11/21/2025 2:39 PM,$420.00,$0.00,7543,,
DEMO-P-000049,DEMO-I-000054,DEMO-J-000059,DEMO-C-00020,Seth King,HVAC Service,Credit Card (Pay Link),11/21/2025 9:57 AM,$336.00,$10.04,,,
DEMO-P-000050,DEMO-I-000056,DEMO-J-000061,DEMO-C-00006,Inez McLaughlin,HVAC Service,Credit Card (Keyed),11/21/2025 9:46 AM,$210.00,$6.39,,,
DEMO-P-000051,DEMO-I-000056,DEMO-J-000061,DEMO-C-00006,Inez McLaughlin,HVAC Service,Credit Card (Pay Link),12/12/2025 11:24 AM,$210.00,$6.39,,,
DEMO-P-000052,DEMO-I-000057,DEMO-J-000062,DEMO-C-00006,Inez McLaughlin,Plumbing,Check,11/21/2025 11:25 AM,$680.00,$0.00,2403,,
DEMO-P-000053,DEMO-I-000058,DEMO-J-000063,DEMO-C-00020,Seth King,Plumbing,Cash,11/21/2025 1:33 PM,$361.00,$0.00,,,
DEMO-P-000054,DEMO-I-000060,DEMO-J-000065,DEMO-C-00017,German Thompson,Plumbing,Credit Card (Pay Link),11/21/2025 3:28 PM,$361.00,$10.77,,,
DEMO-P-000055,DEMO-I-000061,DEMO-J-000016,DEMO-C-00029,Kallie Durgan,HVAC Replacement,Credit Card (Pay Link),11/28/2025 2:00 PM,"$19,680.57",$571.04,,,
DEMO-P-000056,DEMO-I-000062,DEMO-J-000066,DEMO-C-00006,Inez McLaughlin,HVAC Service,Cash,11/24/2025 11:44 AM,"$1,990.00",$0.00,,,
DEMO-P-000057,DEMO-I-000063,DEMO-J-000067,DEMO-C-00017,German Thompson,HVAC Service,Credit Card (Keyed),11/24/2025 5:56 PM,$964.00,$28.26,,,
DEMO-P-000058,DEMO-I-000065,DEMO-J-000069,DEMO-C-00051,Sound Side Family Medicine,Commercial & Refrigeration,Check,12/25/2025 11:00 AM,$225.00,$0.00,8636,,
DEMO-P-000059,DEMO-I-000066,DEMO-J-000070,DEMO-C-00025,Micah Larkin,HVAC Service,Check,11/24/2025 10:32 AM,"$1,233.00",$0.00,4576,,
DEMO-P-000060,DEMO-I-000067,DEMO-J-000071,DEMO-C-00026,Cara Beatty,HVAC Service,Credit Card (Keyed),11/24/2025 1:03 PM,$407.00,$12.10,,,
DEMO-P-000061,DEMO-I-000068,DEMO-J-000072,DEMO-C-00030,Titus Moen,Plumbing,Check,12/20/2025 10:37 AM,$520.00,$0.00,2709,,
DEMO-P-000062,DEMO-I-000069,DEMO-J-000074,DEMO-C-00026,Cara Beatty,HVAC Service,Credit Card (Pay Link),12/9/2025 6:22 PM,$497.00,$14.71,,,
DEMO-P-000063,DEMO-I-000070,DEMO-J-000075,DEMO-C-00028,Freida Kohler,HVAC Service,Credit Card (Pay Link),11/29/2025 5:03 PM,$247.67,$7.48,,,
DEMO-P-000064,DEMO-I-000071,DEMO-J-000076,DEMO-C-00016,Estel Kunde,HVAC Service,Credit Card (Pay Link),11/26/2025 6:07 PM,$293.00,$8.80,,,
DEMO-P-000065,DEMO-I-000072,DEMO-J-000077,DEMO-C-00022,Clementina Jacobson,HVAC Service,Check,11/25/2025 2:15 PM,$230.65,$0.00,1644,,
DEMO-P-000066,DEMO-I-000073,DEMO-J-000078,DEMO-C-00028,Freida Kohler,HVAC Service,Cash,11/25/2025 10:01 AM,$86.67,$0.00,,,
DEMO-P-000067,DEMO-I-000074,DEMO-J-000079,DEMO-C-00007,Roxane Williamson,HVAC Service,Credit Card (Pay Link),11/25/2025 9:35 AM,$129.00,$4.04,,,
DEMO-P-000068,DEMO-I-000075,DEMO-J-000080,DEMO-C-00016,Estel Kunde,Plumbing,Credit Card (Pay Link),11/25/2025 11:04 AM,$591.00,$17.44,,,
DEMO-P-000069,DEMO-I-000076,DEMO-J-000081,DEMO-C-00010,Alize Cassin,Plumbing,Credit Card (Keyed),11/25/2025 2:34 PM,"$1,297.65",$37.93,,,
DEMO-P-000070,DEMO-I-000077,DEMO-J-000043,DEMO-C-00022,Clementina Jacobson,HVAC Replacement,GreenSky Financing,11/28/2025 2:00 PM,"$14,900.00","$1,475.10",,,
DEMO-P-000071,DEMO-I-000078,DEMO-J-000082,DEMO-C-00003,Madalyn Toy,HVAC Service,Check,12/6/2025 3:03 PM,$444.65,$0.00,1247,,
DEMO-P-000072,DEMO-I-000079,DEMO-J-000083,DEMO-C-00014,Haskell Bauch,HVAC Service,Credit Card (Pay Link),11/26/2025 12:09 PM,$129.00,$4.04,,,
DEMO-P-000073,DEMO-I-000080,DEMO-J-000085,DEMO-C-00011,Cole Flatley,HVAC Service,Credit Card (Keyed),11/26/2025 10:49 AM,$632.37,$18.64,,,
DEMO-P-000074,DEMO-I-000081,DEMO-J-000086,DEMO-C-00010,Alize Cassin,HVAC Service,Credit Card (Keyed),11/26/2025 2:19 PM,"$1,345.00",$39.31,,,
DEMO-P-000075,DEMO-I-000082,DEMO-J-000087,DEMO-C-00043,Drawbridge Cafe,Commercial & Refrigeration,ACH,12/22/2025 11:00 AM,$709.00,$5.00,,,
DEMO-P-000076,DEMO-I-000083,DEMO-J-000088,DEMO-C-00024,Jared Thiel,HVAC Service,Credit Card (Pay Link),11/26/2025 2:49 PM,$793.37,$23.31,,,
DEMO-P-000077,DEMO-I-000084,DEMO-J-000090,DEMO-C-00023,Declan Jaskolski,HVAC Service,Credit Card (Pay Link),11/26/2025 12:19 PM,$318.00,$9.52,,,
DEMO-P-000078,DEMO-I-000085,DEMO-J-000091,DEMO-C-00026,Cara Beatty,Plumbing,Credit Card (Keyed),11/26/2025 12:01 PM,"$1,005.27",$29.45,,,
DEMO-P-000079,DEMO-I-000086,DEMO-J-000092,DEMO-C-00011,Cole Flatley,Plumbing,Check,11/26/2025 3:08 PM,$361.00,$0.00,2467,,
DEMO-P-000080,DEMO-I-000087,DEMO-J-000093,DEMO-C-00008,Katelyn Thompson,HVAC Service,Cash,11/29/2025 1:38 PM,"$1,345.00",$0.00,,,
DEMO-P-000081,DEMO-I-000088,DEMO-J-000094,DEMO-C-00019,Phil Runte,HVAC Service,Credit Card (Keyed),11/29/2025 6:04 PM,"$2,333.65",$67.98,,,
DEMO-P-000082,DEMO-I-000089,DEMO-J-000095,DEMO-C-00025,Micah Larkin,Plumbing,Credit Card (Pay Link),12/10/2025 9:54 AM,"$1,996.62",$58.20,,,
DEMO-P-000083,DEMO-I-000090,DEMO-J-000096,DEMO-C-00005,Gardner Keebler,HVAC Service,Credit Card (Pay Link),12/10/2025 1:04 PM,$440.00,$13.06,,,
DEMO-P-000084,DEMO-I-000091,DEMO-J-000097,DEMO-C-00011,Cole Flatley,HVAC Service,Credit Card (Keyed),12/1/2025 11:31 AM,"$1,246.57",$36.45,,,
DEMO-P-000085,DEMO-I-000092,DEMO-J-000098,DEMO-C-00032,Cypress Hardware Group,Commercial & Refrigeration,Check,12/27/2025 11:00 AM,$850.00,$0.00,8422,,
DEMO-P-000086,DEMO-I-000093,DEMO-J-000099,DEMO-C-00011,Cole Flatley,HVAC Service,Credit Card (Pay Link),12/12/2025 12:16 PM,"$1,471.07",$42.96,,,
DEMO-P-000087,DEMO-I-000094,DEMO-J-000100,DEMO-C-00009,Dion Little,HVAC Service,Credit Card (Pay Link),12/13/2025 8:05 PM,"$1,870.00",$54.53,,,
DEMO-P-000088,DEMO-I-000095,DEMO-J-000101,DEMO-C-00006,Inez McLaughlin,HVAC Service,Credit Card (Keyed),12/1/2025 4:53 PM,"$1,380.12",$40.32,,,
DEMO-P-000089,DEMO-I-000097,DEMO-J-000103,DEMO-C-00025,Micah Larkin,HVAC Service,Credit Card (Pay Link),12/1/2025 12:36 PM,$161.00,$4.97,,,
DEMO-P-000090,DEMO-I-000098,DEMO-J-000104,DEMO-C-00010,Alize Cassin,Plumbing,Credit Card (Keyed),12/1/2025 11:12 AM,"$1,182.65",$34.60,,,
DEMO-P-000091,DEMO-I-000099,DEMO-J-000105,DEMO-C-00028,Freida Kohler,Plumbing,Credit Card (Keyed),12/1/2025 12:21 PM,"$1,271.16",$37.16,,,
DEMO-P-000092,DEMO-I-000099,DEMO-J-000105,DEMO-C-00028,Freida Kohler,Plumbing,Credit Card (Pay Link),12/18/2025 9:40 AM,"$1,271.16",$37.16,,,
DEMO-P-000093,DEMO-I-000100,DEMO-J-000106,DEMO-C-00011,Cole Flatley,Plumbing,Check,12/1/2025 2:39 PM,$421.00,$0.00,6077,,
DEMO-P-000094,DEMO-I-000101,DEMO-J-000108,DEMO-C-00014,Haskell Bauch,HVAC Service,Credit Card (Keyed),12/2/2025 1:08 PM,$444.65,$13.19,,,
DEMO-P-000095,DEMO-I-000102,DEMO-J-000109,DEMO-C-00034,Marsh Point Outfitters Group,Commercial & Refrigeration,ACH,12/18/2025 11:00 AM,$828.00,$5.00,,,
DEMO-P-000096,DEMO-I-000103,DEMO-J-000110,DEMO-C-00029,Kallie Durgan,HVAC Service,Credit Card (Pay Link),12/2/2025 11:43 AM,$246.00,$7.43,,,
DEMO-P-000097,DEMO-I-000104,DEMO-J-000111,DEMO-C-00002,Natasha Pfannerstill,HVAC Service,Credit Card (Pay Link),12/11/2025 11:06 AM,$490.00,$14.51,,,
DEMO-P-000098,DEMO-I-000105,DEMO-J-000112,DEMO-C-00013,Jessica Waters,HVAC Service,Check,12/2/2025 9:47 AM,$632.37,$0.00,7731,,
DEMO-P-000099,DEMO-I-000106,DEMO-J-000113,DEMO-C-00016,Estel Kunde,Plumbing,Credit Card (Pay Link),12/6/2025 10:17 AM,$336.00,$10.04,,,
DEMO-P-000100,DEMO-I-000107,DEMO-J-000114,DEMO-C-00030,Titus Moen,Plumbing,Check,12/2/2025 1:49 PM,$990.00,$0.00,8179,,
DEMO-P-000101,DEMO-I-000108,DEMO-J-000115,DEMO-C-00010,Alize Cassin,Plumbing,Credit Card (Pay Link),12/10/2025 2:20 PM,$590.00,$17.41,,,
DEMO-P-000102,DEMO-I-000109,DEMO-J-000116,DEMO-C-00030,Titus Moen,Plumbing,Credit Card (Keyed),12/2/2025 11:04 AM,"$2,122.65",$61.86,,,
DEMO-P-000103,DEMO-I-000110,DEMO-J-000117,DEMO-C-00028,Freida Kohler,Plumbing,Credit Card (Keyed),12/2/2025 1:40 PM,$421.00,$12.51,,,
DEMO-P-000104,DEMO-I-000111,DEMO-J-000118,DEMO-C-00013,Jessica Waters,HVAC Service,Credit Card (Keyed),12/3/2025 9:49 AM,$246.00,$7.43,,,
DEMO-P-000105,DEMO-I-000112,DEMO-J-000119,DEMO-C-00001,Hank Erdman,HVAC Service,Credit Card (Keyed),12/3/2025 11:51 AM,$284.00,$8.54,,,
DEMO-P-000106,DEMO-I-000113,DEMO-J-000120,DEMO-C-00018,Thad Hilll,HVAC Service,Credit Card (Pay Link),12/15/2025 10:10 AM,"$1,611.00",$47.02,,,
DEMO-P-000107,DEMO-I-000114,DEMO-J-000121,DEMO-C-00014,Haskell Bauch,HVAC Service,Check,12/3/2025 1:45 PM,$440.00,$0.00,8571,,
DEMO-P-000108,DEMO-I-000115,DEMO-J-000122,DEMO-C-00028,Freida Kohler,HVAC Service,Check,12/26/2025 7:34 PM,$506.00,$0.00,6101,,
DEMO-P-000109,DEMO-I-000116,DEMO-J-000123,DEMO-C-00009,Dion Little,HVAC Service,Credit Card (Pay Link),12/3/2025 9:38 AM,$790.00,$23.21,,,
DEMO-P-000110,DEMO-I-000117,DEMO-J-000124,DEMO-C-00007,Roxane Williamson,Plumbing,Credit Card (Pay Link),12/3/2025 9:46 AM,$225.00,$6.83,,,
DEMO-P-000111,DEMO-I-000118,DEMO-J-000125,DEMO-C-00024,Jared Thiel,Plumbing,Credit Card (Keyed),12/3/2025 12:50 PM,$761.00,$22.37,,,
DEMO-P-000112,DEMO-I-000119,DEMO-J-000126,DEMO-C-00005,Gardner Keebler,Plumbing,Credit Card (Keyed),12/3/2025 4:19 PM,"$1,547.65",$45.18,,,
DEMO-P-000113,DEMO-I-000120,DEMO-J-000127,DEMO-C-00002,Natasha Pfannerstill,Plumbing,Check,12/3/2025 10:01 AM,$395.00,$0.00,7060,,
DEMO-P-000114,DEMO-I-000121,DEMO-J-000128,DEMO-C-00010,Alize Cassin,HVAC Service,Credit Card (Pay Link),12/17/2025 6:13 PM,$196.65,$6.00,,,
DEMO-P-000115,DEMO-I-000122,DEMO-J-000129,DEMO-C-00016,Estel Kunde,HVAC Service,Credit Card (Keyed),12/4/2025 12:37 PM,$383.67,$11.43,,,
DEMO-P-000116,DEMO-I-000123,DEMO-J-000130,DEMO-C-00034,Marsh Point Outfitters Group,Commercial & Refrigeration,Check,12/20/2025 11:00 AM,$490.00,$0.00,3273,,
DEMO-P-000117,DEMO-I-000124,DEMO-J-000131,DEMO-C-00006,Inez McLaughlin,HVAC Service,Credit Card (Keyed),12/4/2025 12:20 PM,$220.00,$6.68,,,
DEMO-P-000118,DEMO-I-000124,DEMO-J-000131,DEMO-C-00006,Inez McLaughlin,HVAC Service,Credit Card (Pay Link),1/3/2026 3:46 PM,$220.00,$6.68,,,
DEMO-P-000119,DEMO-I-000125,DEMO-J-000132,DEMO-C-00005,Gardner Keebler,HVAC Service,Credit Card (Pay Link),12/4/2025 2:34 PM,$420.00,$12.48,,,
DEMO-P-000120,DEMO-I-000126,DEMO-J-000134,DEMO-C-00014,Haskell Bauch,HVAC Service,Credit Card (Pay Link),12/4/2025 1:28 PM,"$1,135.00",$33.22,,,
DEMO-P-000121,DEMO-I-000127,DEMO-J-000135,DEMO-C-00028,Freida Kohler,HVAC Service,Credit Card (Keyed),12/4/2025 10:20 AM,$539.00,$15.93,,,
DEMO-P-000122,DEMO-I-000128,DEMO-J-000136,DEMO-C-00006,Inez McLaughlin,HVAC Service,Check,12/4/2025 1:44 PM,$516.24,$0.00,7100,,
DEMO-P-000123,DEMO-I-000129,DEMO-J-000138,DEMO-C-00024,Jared Thiel,Plumbing,Credit Card (Pay Link),12/4/2025 12:05 PM,$361.00,$10.77,,,
DEMO-P-000124,DEMO-I-000130,DEMO-J-000139,DEMO-C-00006,Inez McLaughlin,Plumbing,Credit Card (Pay Link),12/4/2025 10:18 AM,$293.00,$8.80,,,
DEMO-P-000125,DEMO-I-000131,DEMO-J-000140,DEMO-C-00058,Sandbar Homes LLC,New Construction,Check,12/29/2025 11:00 AM,"$3,050.00",$0.00,5250,,
DEMO-P-000126,DEMO-I-000132,DEMO-J-000141,DEMO-C-00021,Silas Bauch,HVAC Service,Credit Card (Pay Link),12/5/2025 11:28 AM,$478.00,$14.16,,,
DEMO-P-000127,DEMO-I-000133,DEMO-J-000142,DEMO-C-00022,Clementina Jacobson,HVAC Service,Credit Card (Keyed),12/5/2025 1:17 PM,$440.00,$13.06,,,
DEMO-P-000128,DEMO-I-000134,DEMO-J-000143,DEMO-C-00013,Jessica Waters,HVAC Service,Credit Card (Keyed),12/5/2025 3:46 PM,$293.00,$8.80,,,
DEMO-P-000129,DEMO-I-000135,DEMO-J-000144,DEMO-C-00003,Madalyn Toy,HVAC Service,Credit Card (Pay Link),12/5/2025 10:49 AM,"$1,545.00",$45.11,,,
DEMO-P-000130,DEMO-I-000136,DEMO-J-000145,DEMO-C-00010,Alize Cassin,HVAC Service,Check,12/5/2025 12:53 PM,$420.00,$0.00,9763,,
DEMO-P-000131,DEMO-I-000137,DEMO-J-000146,DEMO-C-00016,Estel Kunde,HVAC Service,Cash,12/5/2025 10:54 AM,$980.68,$0.00,,,
DEMO-P-000132,DEMO-I-000138,DEMO-J-000147,DEMO-C-00008,Katelyn Thompson,HVAC Service,Check,12/5/2025 1:09 PM,$440.00,$0.00,6369,,
DEMO-P-000133,DEMO-I-000139,DEMO-J-000148,DEMO-C-00026,Cara Beatty,HVAC Service,Credit Card (Pay Link),12/5/2025 12:25 PM,"$2,032.00",$59.23,,,
DEMO-P-000134,DEMO-I-000140,DEMO-J-000149,DEMO-C-00030,Titus Moen,HVAC Service,Credit Card (Pay Link),12/5/2025 2:06 PM,$318.00,$9.52,,,
DEMO-P-000135,DEMO-I-000141,DEMO-J-000150,DEMO-C-00019,Phil Runte,Plumbing,Credit Card (Pay Link),12/5/2025 12:10 PM,"$2,443.65",$71.17,,,
DEMO-P-000136,DEMO-I-000142,DEMO-J-000151,DEMO-C-00012,Kasey McClure,Plumbing,Cash,12/5/2025 4:07 PM,"$1,477.65",$0.00,,,
DEMO-P-000137,DEMO-I-000143,DEMO-J-000152,DEMO-C-00013,Jessica Waters,Plumbing,Credit Card (Keyed),12/5/2025 3:35 PM,"$2,269.47",$66.11,,,
DEMO-P-000138,DEMO-I-000143,DEMO-J-000152,DEMO-C-00013,Jessica Waters,Plumbing,Credit Card (Pay Link),12/24/2025 4:03 PM,"$2,269.47",$66.11,,,
DEMO-P-000139,DEMO-I-000144,DEMO-J-000153,DEMO-C-00026,Cara Beatty,Plumbing,Check,12/5/2025 5:56 PM,$421.00,$0.00,5352,,
DEMO-P-000140,DEMO-I-000145,DEMO-J-000154,DEMO-C-00019,Phil Runte,HVAC Service,Credit Card (Pay Link),12/6/2025 12:50 PM,$790.00,$23.21,,,
DEMO-P-000141,DEMO-I-000146,DEMO-J-000155,DEMO-C-00008,Katelyn Thompson,Plumbing,Credit Card (Keyed),12/6/2025 2:22 PM,"$2,764.65",$80.47,,,
DEMO-P-000142,DEMO-I-000147,DEMO-J-000156,DEMO-C-00023,Declan Jaskolski,Plumbing,Credit Card (Pay Link),12/6/2025 6:37 PM,$990.00,$29.01,,,
DEMO-P-000143,DEMO-I-000148,DEMO-J-000157,DEMO-C-00060,Cypress Point Homes LLC,New Construction,Check,12/29/2025 11:00 AM,"$2,550.00",$0.00,1182,,
DEMO-P-000144,DEMO-I-000149,DEMO-J-000158,DEMO-C-00006,Inez McLaughlin,HVAC Service,Credit Card (Keyed),12/8/2025 9:57 AM,$790.00,$23.21,,,
DEMO-P-000145,DEMO-I-000150,DEMO-J-000159,DEMO-C-00013,Jessica Waters,HVAC Service,Credit Card (Pay Link),12/8/2025 12:50 PM,"$1,355.69",$39.62,,,
DEMO-P-000146,DEMO-I-000151,DEMO-J-000160,DEMO-C-00010,Alize Cassin,HVAC Service,Credit Card (Keyed),12/8/2025 10:21 AM,$790.00,$23.21,,,
DEMO-P-000147,DEMO-I-000152,DEMO-J-000161,DEMO-C-00011,Cole Flatley,HVAC Service,Credit Card (Pay Link),12/8/2025 1:05 PM,$454.00,$13.47,,,
DEMO-P-000148,DEMO-I-000153,DEMO-J-000162,DEMO-C-00020,Seth King,HVAC Service,Check,12/8/2025 9:28 AM,$86.67,$0.00,9129,,
DEMO-P-000149,DEMO-I-000154,DEMO-J-000163,DEMO-C-00013,Jessica Waters,HVAC Service,Credit Card (Pay Link),12/8/2025 11:11 AM,$161.00,$4.97,,,
DEMO-P-000150,DEMO-I-000156,DEMO-J-000165,DEMO-C-00021,Silas Bauch,HVAC Service,Credit Card (Pay Link),12/8/2025 2:03 PM,"$1,545.00",$45.11,,,
DEMO-P-000151,DEMO-I-000157,DEMO-J-000166,DEMO-C-00022,Clementina Jacobson,Plumbing,Credit Card (Pay Link),12/8/2025 9:54 AM,$440.00,$13.06,,,
DEMO-P-000152,DEMO-I-000158,DEMO-J-000167,DEMO-C-00014,Haskell Bauch,Plumbing,Check,12/8/2025 11:51 AM,$340.00,$0.00,6582,,
DEMO-P-000153,DEMO-I-000159,DEMO-J-000168,DEMO-C-00014,Haskell Bauch,Plumbing,Check,12/8/2025 10:26 AM,$520.00,$0.00,1725,,
DEMO-P-000154,DEMO-I-000160,DEMO-J-000169,DEMO-C-00020,Seth King,Plumbing,Check,12/8/2025 2:19 PM,"$1,175.27",$0.00,7519,,
DEMO-P-000155,DEMO-I-000161,DEMO-J-000170,DEMO-C-00006,Inez McLaughlin,Plumbing,Credit Card (Keyed),12/8/2025 10:52 AM,$590.00,$17.41,,,
DEMO-P-000156,DEMO-I-000163,DEMO-J-000172,DEMO-C-00024,Jared Thiel,HVAC Service,Check,12/9/2025 11:10 AM,$978.00,$0.00,8871,,
DEMO-P-000157,DEMO-I-000164,DEMO-J-000173,DEMO-C-00008,Katelyn Thompson,HVAC Service,Credit Card (Pay Link),12/9/2025 10:27 AM,"$1,545.00",$45.11,,,
DEMO-P-000158,DEMO-I-000165,DEMO-J-000174,DEMO-C-00024,Jared Thiel,HVAC Service,Cash,12/9/2025 12:31 PM,$161.00,$0.00,,,
DEMO-P-000159,DEMO-I-000166,DEMO-J-000176,DEMO-C-00007,Roxane Williamson,HVAC Service,Credit Card (Pay Link),12/9/2025 9:35 AM,$440.00,$13.06,,,
DEMO-P-000160,DEMO-I-000167,DEMO-J-000177,DEMO-C-00028,Freida Kohler,HVAC Service,Credit Card (Pay Link),12/9/2025 12:36 PM,"$1,739.00",$50.73,,,
DEMO-P-000161,DEMO-I-000168,DEMO-J-000178,DEMO-C-00011,Cole Flatley,Plumbing,Check,12/9/2025 9:52 AM,$361.00,$0.00,7958,,
DEMO-P-000162,DEMO-I-000169,DEMO-J-000179,DEMO-C-00028,Freida Kohler,Plumbing,Credit Card (Pay Link),12/9/2025 11:39 AM,$191.00,$5.84,,,
DEMO-P-000163,DEMO-I-000170,DEMO-J-000180,DEMO-C-00010,Alize Cassin,Plumbing,Cash,12/9/2025 9:56 AM,$340.00,$0.00,,,
DEMO-P-000164,DEMO-I-000171,DEMO-J-000181,DEMO-C-00017,German Thompson,Plumbing,Check,12/9/2025 12:46 PM,$361.00,$0.00,8540,,
DEMO-P-000165,DEMO-I-000172,DEMO-J-000182,DEMO-C-00012,Kasey McClure,Plumbing,Check,12/9/2025 5:41 PM,"$2,764.65",$0.00,9955,,
DEMO-P-000166,DEMO-I-000173,DEMO-J-000184,DEMO-C-00023,Declan Jaskolski,HVAC Service,Credit Card (Pay Link),12/15/2025 6:37 PM,$384.00,$11.44,,,
DEMO-P-000167,DEMO-I-000174,DEMO-J-000185,DEMO-C-00010,Alize Cassin,HVAC Service,Cash,12/10/2025 10:57 AM,"$1,558.75",$0.00,,,
DEMO-P-000168,DEMO-I-000176,DEMO-J-000187,DEMO-C-00001,Hank Erdman,HVAC Service,Credit Card (Pay Link),12/10/2025 9:27 AM,$440.00,$13.06,,,
DEMO-P-000169,DEMO-I-000178,DEMO-J-000189,DEMO-C-00020,Seth King,HVAC Service,Cash,12/10/2025 10:15 AM,$793.37,$0.00,,,
DEMO-P-000170,DEMO-I-000179,DEMO-J-000190,DEMO-C-00020,Seth King,HVAC Service,Check,12/10/2025 12:22 PM,$247.67,$0.00,5870,,
DEMO-P-000171,DEMO-I-000180,DEMO-J-000191,DEMO-C-00014,Haskell Bauch,HVAC Service,Credit Card (Pay Link),12/10/2025 10:16 AM,$599.65,$17.69,,,
DEMO-P-000172,DEMO-I-000181,DEMO-J-000192,DEMO-C-00027,Sidney Kohler,HVAC Service,Credit Card (Pay Link),12/14/2025 11:45 AM,$838.65,$24.62,,,
DEMO-P-000173,DEMO-I-000182,DEMO-J-000193,DEMO-C-00008,Katelyn Thompson,Plumbing,Check,12/10/2025 10:57 AM,"$1,052.65",$0.00,5787,,
DEMO-P-000174,DEMO-I-000183,DEMO-J-000194,DEMO-C-00022,Clementina Jacobson,Plumbing,Credit Card (Pay Link),12/10/2025 2:02 PM,$520.00,$15.38,,,
DEMO-P-000175,DEMO-I-000184,DEMO-J-000195,DEMO-C-00008,Katelyn Thompson,Plumbing,Check,12/10/2025 11:31 AM,$690.00,$0.00,2083,,
DEMO-P-000176,DEMO-I-000185,DEMO-J-000196,DEMO-C-00018,Thad Hilll,Plumbing,Check,12/14/2025 1:03 PM,$858.00,$0.00,8684,,
DEMO-P-000177,DEMO-I-000186,DEMO-J-000197,DEMO-C-00029,Kallie Durgan,HVAC Service,Credit Card (Pay Link),12/10/2025 9:45 AM,$591.00,$17.44,,,
DEMO-P-000178,DEMO-I-000187,DEMO-J-000198,DEMO-C-00003,Madalyn Toy,Plumbing,Credit Card (Pay Link),12/10/2025 2:27 PM,"$2,443.65",$71.17,,,
DEMO-P-000179,DEMO-I-000188,DEMO-J-000199,DEMO-C-00015,Nathen Rosenbaum,HVAC Service,Credit Card (Pay Link),12/11/2025 10:00 AM,$821.25,$24.12,,,
DEMO-P-000180,DEMO-I-000190,DEMO-J-000201,DEMO-C-00034,Marsh Point Outfitters Group,Commercial & Refrigeration,Check,1/4/2026 11:00 AM,$354.00,$0.00,2656,,
DEMO-P-000181,DEMO-I-000192,DEMO-J-000205,DEMO-C-00023,Declan Jaskolski,HVAC Service,Credit Card (Keyed),12/11/2025 2:20 PM,"$2,155.65",$62.81,,,
DEMO-P-000182,DEMO-I-000193,DEMO-J-000206,DEMO-C-00007,Roxane Williamson,HVAC Service,Credit Card (Pay Link),12/11/2025 10:20 AM,"$1,373.65",$40.14,,,
DEMO-P-000183,DEMO-I-000194,DEMO-J-000207,DEMO-C-00018,Thad Hilll,HVAC Service,Check,12/11/2025 12:37 PM,$293.00,$0.00,6441,,
DEMO-P-000184,DEMO-I-000195,DEMO-J-000208,DEMO-C-00021,Silas Bauch,HVAC Service,Credit Card (Pay Link),12/11/2025 2:41 PM,$838.65,$24.62,,,
DEMO-P-000185,DEMO-I-000196,DEMO-J-000209,DEMO-C-00022,Clementina Jacobson,Plumbing,Credit Card (Pay Link),12/11/2025 10:47 AM,$520.00,$15.38,,,
DEMO-P-000186,DEMO-I-000197,DEMO-J-000210,DEMO-C-00024,Jared Thiel,Plumbing,Credit Card (Keyed),12/11/2025 12:31 PM,"$1,723.77",$50.29,,,
DEMO-P-000187,DEMO-I-000198,DEMO-J-000211,DEMO-C-00010,Alize Cassin,Plumbing,Credit Card (Pay Link),12/21/2025 12:46 PM,"$1,182.65",$34.60,,,
DEMO-P-000188,DEMO-I-000199,DEMO-J-000212,DEMO-C-00007,Roxane Williamson,Plumbing,Credit Card (Keyed),12/11/2025 11:40 AM,$495.00,$14.66,,,
DEMO-P-000189,DEMO-I-000199,DEMO-J-000212,DEMO-C-00007,Roxane Williamson,Plumbing,Credit Card (Pay Link),1/7/2026 4:19 PM,$495.00,$14.66,,,
DEMO-P-000190,DEMO-I-000200,DEMO-J-000213,DEMO-C-00020,Seth King,Plumbing,Credit Card (Pay Link),12/22/2025 9:44 AM,$293.00,$8.80,,,
DEMO-P-000191,DEMO-I-000201,DEMO-J-000214,DEMO-C-00008,Katelyn Thompson,HVAC Service,Check,12/15/2025 12:30 PM,$790.00,$0.00,1051,,
DEMO-P-000192,DEMO-I-000202,DEMO-J-000215,DEMO-C-00029,Kallie Durgan,HVAC Service,Cash,12/12/2025 9:32 AM,"$1,178.07",$0.00,,,
DEMO-P-000193,DEMO-I-000203,DEMO-J-000216,DEMO-C-00006,Inez McLaughlin,HVAC Service,Credit Card (Pay Link),12/17/2025 3:59 PM,$246.00,$7.43,,,
DEMO-P-000194,DEMO-I-000204,DEMO-J-000217,DEMO-C-00017,German Thompson,HVAC Service,Credit Card (Keyed),12/12/2025 1:12 PM,$161.00,$4.97,,,
DEMO-P-000195,DEMO-I-000205,DEMO-J-000218,DEMO-C-00026,Cara Beatty,HVAC Service,Credit Card (Pay Link),12/14/2025 2:49 PM,$293.00,$8.80,,,
DEMO-P-000196,DEMO-I-000206,DEMO-J-000219,DEMO-C-00019,Phil Runte,HVAC Service,Credit Card (Keyed),12/12/2025 12:26 PM,$220.00,$6.68,,,
DEMO-P-000197,DEMO-I-000206,DEMO-J-000219,DEMO-C-00019,Phil Runte,HVAC Service,Credit Card (Pay Link),12/23/2025 11:31 AM,$220.00,$6.68,,,
DEMO-P-000198,DEMO-I-000207,DEMO-J-000220,DEMO-C-00015,Nathen Rosenbaum,HVAC Service,Check,12/12/2025 9:24 AM,$284.00,$0.00,9438,,
DEMO-P-000199,DEMO-I-000208,DEMO-J-000221,DEMO-C-00019,Phil Runte,HVAC Service,Credit Card (Pay Link),12/26/2025 6:42 PM,$838.65,$24.62,,,
DEMO-P-000200,DEMO-I-000209,DEMO-J-000222,DEMO-C-00016,Estel Kunde,HVAC Service,Credit Card (Pay Link),12/12/2025 4:02 PM,$978.00,$28.66,,,
DEMO-P-000201,DEMO-I-000210,DEMO-J-000223,DEMO-C-00017,German Thompson,Plumbing,Check,1/9/2026 3:53 PM,$591.00,$0.00,6269,,
DEMO-P-000202,DEMO-I-000212,DEMO-J-000225,DEMO-C-00004,Brennon Homenick,Plumbing,Credit Card (Keyed),12/12/2025 10:12 AM,$336.00,$10.04,,,
DEMO-P-000203,DEMO-I-000213,DEMO-J-000226,DEMO-C-00016,Estel Kunde,Plumbing,Credit Card (Pay Link),12/12/2025 12:37 PM,$336.00,$10.04,,,
DEMO-P-000204,DEMO-I-000214,DEMO-J-000227,DEMO-C-00020,Seth King,Plumbing,Credit Card (Keyed),12/12/2025 5:14 PM,"$1,996.62",$58.20,,,
DEMO-P-000205,DEMO-I-000215,DEMO-J-000228,DEMO-C-00025,Micah Larkin,HVAC Service,Cash,12/12/2025 10:58 AM,$561.57,$0.00,,,
DEMO-P-000206,DEMO-I-000216,DEMO-J-000229,DEMO-C-00002,Natasha Pfannerstill,Plumbing,Credit Card (Pay Link),12/12/2025 1:54 PM,$520.00,$15.38,,,
DEMO-P-000207,DEMO-I-000217,DEMO-J-000230,DEMO-C-00005,Gardner Keebler,Plumbing,Credit Card (Keyed),12/12/2025 4:26 PM,$520.00,$15.38,,,
DEMO-P-000208,DEMO-I-000219,DEMO-J-000232,DEMO-C-00027,Sidney Kohler,Plumbing,Check,12/13/2025 12:33 PM,$395.00,$0.00,5611,,
DEMO-P-000209,DEMO-I-000220,DEMO-J-000233,DEMO-C-00007,Roxane Williamson,Plumbing,Credit Card (Pay Link),12/25/2025 9:44 AM,$520.00,$15.38,,,
DEMO-P-000210,DEMO-I-000222,DEMO-J-000235,DEMO-C-00004,Brennon Homenick,HVAC Service,Check,12/15/2025 10:52 AM,$676.00,$0.00,9084,,
DEMO-P-000211,DEMO-I-000224,DEMO-J-000237,DEMO-C-00022,Clementina Jacobson,HVAC Service,Check,12/16/2025 8:54 PM,"$2,695.00",$0.00,9676,,
DEMO-P-000212,DEMO-I-000225,DEMO-J-000238,DEMO-C-00010,Alize Cassin,HVAC Service,Credit Card (Keyed),12/15/2025 4:08 PM,"$1,632.30",$47.64,,,
DEMO-P-000213,DEMO-I-000226,DEMO-J-000239,DEMO-C-00002,Natasha Pfannerstill,HVAC Service,Check,12/15/2025 11:15 AM,"$1,105.65",$0.00,8871,,
DEMO-P-000214,DEMO-I-000227,DEMO-J-000240,DEMO-C-00011,Cole Flatley,HVAC Service,Check,12/15/2025 1:19 PM,$293.00,$0.00,6893,,
DEMO-P-000215,DEMO-I-000228,DEMO-J-000242,DEMO-C-00028,Freida Kohler,HVAC Service,Cash,12/15/2025 11:41 AM,$161.00,$0.00,,,
DEMO-P-000216,DEMO-I-000229,DEMO-J-000243,DEMO-C-00003,Madalyn Toy,Plumbing,Check,12/15/2025 12:46 PM,"$3,085.65",$0.00,9365,,
DEMO-P-000217,DEMO-I-000230,DEMO-J-000244,DEMO-C-00006,Inez McLaughlin,Plumbing,Credit Card (Keyed),12/15/2025 6:02 PM,"$1,134.74",$33.21,,,
DEMO-P-000218,DEMO-I-000230,DEMO-J-000244,DEMO-C-00006,Inez McLaughlin,Plumbing,Credit Card (Pay Link),1/7/2026 11:37 AM,"$1,134.73",$33.21,,,
DEMO-P-000219,DEMO-I-000231,DEMO-J-000245,DEMO-C-00002,Natasha Pfannerstill,Plumbing,Credit Card (Pay Link),12/15/2025 10:36 AM,$520.00,$15.38,,,
DEMO-P-000220,DEMO-I-000232,DEMO-J-000246,DEMO-C-00006,Inez McLaughlin,Plumbing,Cash,12/15/2025 1:31 PM,$520.00,$0.00,,,
DEMO-P-000221,DEMO-I-000233,DEMO-J-000247,DEMO-C-00028,Freida Kohler,Plumbing,Cash,12/15/2025 4:21 PM,$361.00,$0.00,,,
DEMO-P-000222,DEMO-I-000235,DEMO-J-000249,DEMO-C-00011,Cole Flatley,HVAC Service,Check,12/15/2025 12:42 PM,$161.00,$0.00,4337,,
DEMO-P-000223,DEMO-I-000237,DEMO-J-000251,DEMO-C-00031,Harbor Light Market Group,Commercial & Refrigeration,ACH,12/31/2025 11:00 AM,$999.00,$5.00,,,
DEMO-P-000224,DEMO-I-000238,DEMO-J-000252,DEMO-C-00022,Clementina Jacobson,HVAC Service,Credit Card (Pay Link),12/16/2025 1:25 PM,"$2,839.30",$82.64,,,
DEMO-P-000225,DEMO-I-000240,DEMO-J-000254,DEMO-C-00009,Dion Little,HVAC Service,Cash,12/16/2025 12:24 PM,"$1,027.65",$0.00,,,
DEMO-P-000226,DEMO-I-000241,DEMO-J-000255,DEMO-C-00008,Katelyn Thompson,HVAC Service,Credit Card (Pay Link),12/16/2025 9:28 AM,$384.00,$11.44,,,
DEMO-P-000227,DEMO-I-000242,DEMO-J-000257,DEMO-C-00006,Inez McLaughlin,Plumbing,Check,12/16/2025 10:10 AM,$395.00,$0.00,3753,,
DEMO-P-000228,DEMO-I-000243,DEMO-J-000258,DEMO-C-00017,German Thompson,Plumbing,Check,12/16/2025 12:34 PM,$293.00,$0.00,8201,,
DEMO-P-000229,DEMO-I-000244,DEMO-J-000259,DEMO-C-00019,Phil Runte,Plumbing,Check,12/16/2025 9:37 AM,$225.00,$0.00,3566,,
DEMO-P-000230,DEMO-I-000245,DEMO-J-000260,DEMO-C-00015,Nathen Rosenbaum,Plumbing,Cash,12/16/2025 11:51 AM,$225.00,$0.00,,,
DEMO-P-000231,DEMO-I-000246,DEMO-J-000261,DEMO-C-00029,Kallie Durgan,Plumbing,Check,12/21/2025 10:09 AM,$761.00,$0.00,5963,,
DEMO-P-000232,DEMO-I-000247,DEMO-J-000262,DEMO-C-00017,German Thompson,HVAC Service,Check,12/16/2025 1:22 PM,$86.67,$0.00,7699,,
DEMO-P-000233,DEMO-I-000248,DEMO-J-000263,DEMO-C-00018,Thad Hilll,HVAC Service,Check,12/17/2025 9:21 AM,$161.00,$0.00,5245,,
DEMO-P-000234,DEMO-I-000249,DEMO-J-000264,DEMO-C-00029,Kallie Durgan,HVAC Service,Cash,12/17/2025 10:20 AM,$878.37,$0.00,,,
DEMO-P-000235,DEMO-I-000250,DEMO-J-000266,DEMO-C-00021,Silas Bauch,HVAC Service,Credit Card (Keyed),12/17/2025 3:33 PM,$579.65,$17.11,,,
DEMO-P-000236,DEMO-I-000252,DEMO-J-000268,DEMO-C-00025,Micah Larkin,HVAC Service,Credit Card (Pay Link),12/17/2025 1:30 PM,$293.00,$8.80,,,
DEMO-P-000237,DEMO-I-000253,DEMO-J-000269,DEMO-C-00008,Katelyn Thompson,HVAC Service,Credit Card (Pay Link),12/17/2025 11:48 AM,"$1,345.00",$39.31,,,
DEMO-P-000238,DEMO-I-000254,DEMO-J-000270,DEMO-C-00008,Katelyn Thompson,HVAC Service,Cash,12/17/2025 5:11 PM,"$2,315.00",$0.00,,,
DEMO-P-000239,DEMO-I-000255,DEMO-J-000271,DEMO-C-00017,German Thompson,Plumbing,Credit Card (Pay Link),12/17/2025 10:16 AM,$421.00,$12.51,,,
DEMO-P-000240,DEMO-I-000256,DEMO-J-000272,DEMO-C-00026,Cara Beatty,Plumbing,Credit Card (Keyed),12/17/2025 2:54 PM,"$2,878.32",$83.77,,,
DEMO-P-000241,DEMO-I-000257,DEMO-J-000273,DEMO-C-00016,Estel Kunde,Plumbing,Credit Card (Pay Link),12/24/2025 5:46 PM,"$2,084.77",$60.76,,,
DEMO-P-000242,DEMO-I-000258,DEMO-J-000274,DEMO-C-00001,Hank Erdman,HVAC Service,Check,12/17/2025 9:48 AM,$196.65,$0.00,4032,,
DEMO-P-000243,DEMO-I-000259,DEMO-J-000275,DEMO-C-00009,Dion Little,HVAC Service,Credit Card (Keyed),12/17/2025 11:43 AM,$142.00,$4.42,,,
DEMO-P-000244,DEMO-I-000260,DEMO-J-000276,DEMO-C-00024,Jared Thiel,HVAC Service,Check,12/18/2025 9:35 AM,$632.37,$0.00,5478,,
DEMO-P-000245,DEMO-I-000261,DEMO-J-000277,DEMO-C-00030,Titus Moen,HVAC Service,Credit Card (Pay Link),12/18/2025 3:12 PM,"$2,795.00",$81.36,,,
DEMO-P-000246,DEMO-I-000262,DEMO-J-000278,DEMO-C-00017,German Thompson,HVAC Service,Check,12/18/2025 10:58 AM,$978.00,$0.00,9488,,
DEMO-P-000247,DEMO-I-000263,DEMO-J-000279,DEMO-C-00019,Phil Runte,HVAC Service,Credit Card (Keyed),12/18/2025 9:52 AM,$314.50,$9.42,,,
DEMO-P-000248,DEMO-I-000263,DEMO-J-000279,DEMO-C-00019,Phil Runte,HVAC Service,Credit Card (Pay Link),12/27/2025 2:37 PM,$314.50,$9.42,,,
DEMO-P-000249,DEMO-I-000264,DEMO-J-000280,DEMO-C-00002,Natasha Pfannerstill,HVAC Service,Check,12/31/2025 1:24 PM,$685.25,$0.00,1860,,
DEMO-P-000250,DEMO-I-000265,DEMO-J-000281,DEMO-C-00015,Nathen Rosenbaum,HVAC Service,Check,12/18/2025 11:24 AM,"$1,345.00",$0.00,6517,,
DEMO-P-000251,DEMO-I-000266,DEMO-J-000282,DEMO-C-00024,Jared Thiel,HVAC Service,Credit Card (Keyed),12/18/2025 1:27 PM,$246.00,$7.43,,,
DEMO-P-000252,DEMO-I-000267,DEMO-J-000283,DEMO-C-00006,Inez McLaughlin,HVAC Service,Credit Card (Pay Link),1/1/2026 5:16 PM,$444.65,$13.19,,,
DEMO-P-000253,DEMO-I-000268,DEMO-J-000284,DEMO-C-00013,Jessica Waters,Plumbing,Credit Card (Pay Link),12/18/2025 10:38 AM,$361.00,$10.77,,,
DEMO-P-000254,DEMO-I-000269,DEMO-J-000285,DEMO-C-00003,Madalyn Toy,Plumbing,Credit Card (Pay Link),12/18/2025 1:06 PM,$395.00,$11.76,,,
DEMO-P-000255,DEMO-I-000270,DEMO-J-000286,DEMO-C-00019,Phil Runte,Plumbing,Cash,12/18/2025 11:21 AM,"$3,085.65",$0.00,,,
DEMO-P-000256,DEMO-I-000271,DEMO-J-000287,DEMO-C-00006,Inez McLaughlin,Plumbing,Check,12/18/2025 1:19 PM,$225.00,$0.00,4317,,
DEMO-P-000257,DEMO-I-000273,DEMO-J-000289,DEMO-C-00025,Micah Larkin,Plumbing,Credit Card (Pay Link),12/18/2025 9:30 AM,$191.00,$5.84,,,
DEMO-P-000258,DEMO-I-000274,DEMO-J-000290,DEMO-C-00015,Nathen Rosenbaum,HVAC Service,Check,12/19/2025 10:52 AM,"$1,183.65",$0.00,7253,,
DEMO-P-000259,DEMO-I-000277,DEMO-J-000295,DEMO-C-00010,Alize Cassin,HVAC Service,Credit Card (Pay Link),12/19/2025 11:33 AM,$129.00,$4.04,,,
DEMO-P-000260,DEMO-I-000278,DEMO-J-000296,DEMO-C-00006,Inez McLaughlin,HVAC Service,Check,12/19/2025 5:12 PM,"$2,733.65",$0.00,9532,,
DEMO-P-000261,DEMO-I-000280,DEMO-J-000300,DEMO-C-00010,Alize Cassin,Plumbing,Credit Card (Keyed),12/19/2025 1:39 PM,"$1,052.65",$30.83,,,
DEMO-P-000262,DEMO-I-000281,DEMO-J-000301,DEMO-C-00017,German Thompson,Plumbing,Check,12/19/2025 10:14 AM,$421.00,$0.00,8978,,
DEMO-P-000263,DEMO-I-000282,DEMO-J-000302,DEMO-C-00008,Katelyn Thompson,Plumbing,Cash,12/19/2025 10:32 AM,$690.00,$0.00,,,
DEMO-P-000264,DEMO-I-000283,DEMO-J-000303,DEMO-C-00019,Phil Runte,Plumbing,Credit Card (Pay Link),12/19/2025 12:39 PM,$395.00,$11.76,,,
DEMO-P-000265,DEMO-I-000284,DEMO-J-000304,DEMO-C-00025,Micah Larkin,HVAC Service,Check,12/20/2025 11:31 AM,$161.00,$0.00,1186,,
DEMO-P-000266,DEMO-I-000285,DEMO-J-000305,DEMO-C-00007,Roxane Williamson,HVAC Service,Credit Card (Keyed),12/20/2025 1:48 PM,$384.00,$11.44,,,
DEMO-P-000267,DEMO-I-000286,DEMO-J-000306,DEMO-C-00023,Declan Jaskolski,Plumbing,Credit Card (Pay Link),1/2/2026 4:17 PM,"$3,085.65",$89.78,,,
DEMO-P-000268,DEMO-I-000287,DEMO-J-000307,DEMO-C-00027,Sidney Kohler,Plumbing,Credit Card (Pay Link),12/20/2025 4:17 PM,$520.00,$15.38,,,
DEMO-P-000269,DEMO-I-000288,DEMO-J-000308,DEMO-C-00023,Declan Jaskolski,HVAC Service,Credit Card (Pay Link),12/22/2025 1:55 PM,"$3,481.65",$101.27,,,
DEMO-P-000270,DEMO-I-000289,DEMO-J-000309,DEMO-C-00002,Natasha Pfannerstill,HVAC Service,Credit Card (Pay Link),1/1/2026 6:27 PM,"$1,834.00",$53.49,,,
DEMO-P-000271,DEMO-I-000290,DEMO-J-000310,DEMO-C-00021,Silas Bauch,HVAC Service,Credit Card (Keyed),12/22/2025 2:34 PM,"$1,183.65",$34.63,,,
DEMO-P-000272,DEMO-I-000291,DEMO-J-000311,DEMO-C-00011,Cole Flatley,HVAC Service,Credit Card (Keyed),12/22/2025 4:40 PM,$293.00,$8.80,,,
DEMO-P-000273,DEMO-I-000293,DEMO-J-000313,DEMO-C-00019,Phil Runte,HVAC Service,Credit Card (Pay Link),12/22/2025 11:41 AM,$790.00,$23.21,,,
DEMO-P-000274,DEMO-I-000296,DEMO-J-000316,DEMO-C-00011,Cole Flatley,HVAC Service,Credit Card (Pay Link),12/22/2025 3:26 PM,"$1,526.00",$44.55,,,
DEMO-P-000275,DEMO-I-000297,DEMO-J-000317,DEMO-C-00010,Alize Cassin,Plumbing,Cash,12/22/2025 10:27 AM,$395.00,$0.00,,,
DEMO-P-000276,DEMO-I-000298,DEMO-J-000318,DEMO-C-00009,Dion Little,Plumbing,Credit Card (Pay Link),12/22/2025 12:31 PM,$225.00,$6.83,,,
DEMO-P-000277,DEMO-I-000299,DEMO-J-000319,DEMO-C-00002,Natasha Pfannerstill,Plumbing,Credit Card (Pay Link),1/4/2026 12:45 PM,"$3,085.65",$89.78,,,
DEMO-P-000278,DEMO-I-000300,DEMO-J-000320,DEMO-C-00025,Micah Larkin,Plumbing,Check,12/22/2025 2:35 PM,$442.00,$0.00,6691,,
DEMO-P-000279,DEMO-I-000301,DEMO-J-000321,DEMO-C-00001,Hank Erdman,HVAC Service,Cash,12/22/2025 9:19 AM,$390.00,$0.00,,,
DEMO-P-000280,DEMO-I-000302,DEMO-J-000204,DEMO-C-00006,Inez McLaughlin,HVAC Replacement,Credit Card (Pay Link),12/24/2025 2:00 PM,"$9,009.30",$261.57,,,
DEMO-P-000281,DEMO-I-000303,DEMO-J-000322,DEMO-C-00026,Cara Beatty,HVAC Service,Check,12/23/2025 10:27 AM,$793.37,$0.00,6916,,
DEMO-P-000282,DEMO-I-000304,DEMO-J-000323,DEMO-C-00030,Titus Moen,HVAC Service,Check,12/23/2025 1:00 PM,$790.00,$0.00,2064,,
DEMO-P-000283,DEMO-I-000306,DEMO-J-000325,DEMO-C-00023,Declan Jaskolski,HVAC Service,Credit Card (Pay Link),12/23/2025 9:20 AM,$196.65,$6.00,,,
DEMO-P-000284,DEMO-I-000307,DEMO-J-000326,DEMO-C-00009,Dion Little,HVAC Service,Credit Card (Keyed),12/23/2025 11:40 AM,$230.65,$6.99,,,
DEMO-P-000285,DEMO-I-000308,DEMO-J-000327,DEMO-C-00018,Thad Hilll,HVAC Service,Credit Card (Pay Link),12/23/2025 11:13 AM,$675.57,$19.89,,,
DEMO-P-000286,DEMO-I-000311,DEMO-J-000330,DEMO-C-00010,Alize Cassin,HVAC Service,Credit Card (Keyed),12/23/2025 12:28 PM,"$1,596.33",$46.59,,,
DEMO-P-000287,DEMO-I-000311,DEMO-J-000330,DEMO-C-00010,Alize Cassin,HVAC Service,Credit Card (Pay Link),12/30/2025 9:45 AM,"$1,596.32",$46.59,,,
DEMO-P-000288,DEMO-I-000312,DEMO-J-000331,DEMO-C-00012,Kasey McClure,HVAC Service,Cash,12/23/2025 3:22 PM,$599.65,$0.00,,,
DEMO-P-000289,DEMO-I-000314,DEMO-J-000333,DEMO-C-00003,Madalyn Toy,Plumbing,Check,12/23/2025 12:36 PM,$520.00,$0.00,6479,,
DEMO-P-000290,DEMO-I-000315,DEMO-J-000334,DEMO-C-00028,Freida Kohler,Plumbing,Credit Card (Pay Link),12/23/2025 10:11 AM,$361.00,$10.77,,,
DEMO-P-000291,DEMO-I-000316,DEMO-J-000335,DEMO-C-00003,Madalyn Toy,Plumbing,Check,12/23/2025 1:29 PM,"$1,052.65",$0.00,9671,,
DEMO-P-000292,DEMO-I-000317,DEMO-J-000336,DEMO-C-00018,Thad Hilll,Plumbing,Credit Card (Pay Link),12/23/2025 4:19 PM,$361.00,$10.77,,,
DEMO-P-000293,DEMO-I-000318,DEMO-J-000337,DEMO-C-00010,Alize Cassin,Plumbing,Credit Card (Pay Link),12/23/2025 10:32 AM,$590.00,$17.41,,,
DEMO-P-000294,DEMO-I-000319,DEMO-J-000338,DEMO-C-00021,Silas Bauch,Plumbing,Credit Card (Pay Link),12/23/2025 12:39 PM,$395.00,$11.76,,,
DEMO-P-000295,DEMO-I-000320,DEMO-J-000339,DEMO-C-00028,Freida Kohler,Plumbing,Credit Card (Pay Link),12/23/2025 3:13 PM,$361.00,$10.77,,,
DEMO-P-000296,DEMO-I-000321,DEMO-J-000340,DEMO-C-00005,Gardner Keebler,Plumbing,Credit Card (Pay Link),12/27/2025 2:27 PM,"$1,477.65",$43.15,,,
DEMO-P-000297,DEMO-I-000322,DEMO-J-000341,DEMO-C-00025,Micah Larkin,HVAC Service,Credit Card (Keyed),12/29/2025 1:02 PM,"$1,849.00",$53.92,,,
DEMO-P-000298,DEMO-I-000323,DEMO-J-000342,DEMO-C-00024,Jared Thiel,HVAC Service,Credit Card (Pay Link),12/29/2025 4:03 PM,$799.00,$23.47,,,
DEMO-P-000299,DEMO-I-000324,DEMO-J-000343,DEMO-C-00034,Marsh Point Outfitters Group,Commercial & Refrigeration,ACH,1/6/2026 11:00 AM,"$1,260.00",$5.00,,,
DEMO-P-000300,DEMO-I-000325,DEMO-J-000344,DEMO-C-00021,Silas Bauch,HVAC Service,Credit Card (Pay Link),12/31/2025 1:10 PM,$985.00,$28.87,,,
DEMO-P-000301,DEMO-I-000326,DEMO-J-000345,DEMO-C-00003,Madalyn Toy,HVAC Service,Credit Card (Pay Link),12/29/2025 9:54 AM,$284.00,$8.54,,,
DEMO-P-000302,DEMO-I-000327,DEMO-J-000346,DEMO-C-00019,Phil Runte,HVAC Service,Credit Card (Pay Link),12/29/2025 11:51 AM,$490.00,$14.51,,,
DEMO-P-000303,DEMO-I-000329,DEMO-J-000349,DEMO-C-00010,Alize Cassin,Plumbing,Check,12/29/2025 11:36 AM,$990.00,$0.00,5163,,
DEMO-P-000304,DEMO-I-000330,DEMO-J-000350,DEMO-C-00004,Brennon Homenick,Plumbing,Credit Card (Pay Link),12/29/2025 2:19 PM,$293.00,$8.80,,,
DEMO-P-000305,DEMO-I-000332,DEMO-J-000352,DEMO-C-00029,Kallie Durgan,HVAC Service,Credit Card (Pay Link),12/30/2025 11:37 AM,"$1,138.37",$33.31,,,
DEMO-P-000306,DEMO-I-000333,DEMO-J-000353,DEMO-C-00023,Declan Jaskolski,HVAC Service,Credit Card (Keyed),12/30/2025 3:59 PM,"$2,685.01",$78.17,,,
DEMO-P-000307,DEMO-I-000335,DEMO-J-000355,DEMO-C-00029,Kallie Durgan,HVAC Service,Credit Card (Keyed),12/30/2025 4:17 PM,"$1,271.00",$37.16,,,
DEMO-P-000308,DEMO-I-000336,DEMO-J-000356,DEMO-C-00005,Gardner Keebler,HVAC Service,Credit Card (Pay Link),1/4/2026 2:41 PM,$679.00,$19.99,,,
DEMO-P-000309,DEMO-I-000337,DEMO-J-000357,DEMO-C-00020,Seth King,HVAC Service,Credit Card (Keyed),12/30/2025 3:26 PM,"$2,901.84",$84.45,,,
DEMO-P-000310,DEMO-I-000338,DEMO-J-000358,DEMO-C-00015,Nathen Rosenbaum,Plumbing,Credit Card (Keyed),12/30/2025 10:01 AM,$520.00,$15.38,,,
DEMO-P-000311,DEMO-I-000339,DEMO-J-000359,DEMO-C-00026,Cara Beatty,Plumbing,Credit Card (Keyed),12/30/2025 1:52 PM,"$1,723.77",$50.29,,,
DEMO-P-000312,DEMO-I-000340,DEMO-J-000360,DEMO-C-00022,Clementina Jacobson,HVAC Service,Credit Card (Pay Link),12/30/2025 9:37 AM,$284.00,$8.54,,,
DEMO-P-000313,DEMO-I-000341,DEMO-J-000361,DEMO-C-00010,Alize Cassin,Plumbing,Credit Card (Pay Link),12/30/2025 11:32 AM,$395.00,$11.76,,,
DEMO-P-000314,DEMO-I-000342,DEMO-J-000175,DEMO-C-00024,Jared Thiel,HVAC Replacement,Credit Card (Pay Link),1/3/2026 2:00 PM,"$14,455.57",$419.51,,,
DEMO-P-000315,DEMO-I-000343,DEMO-J-000362,DEMO-C-00019,Phil Runte,HVAC Service,Check,1/10/2026 6:49 PM,$284.00,$0.00,3792,,
DEMO-P-000316,DEMO-I-000345,DEMO-J-000364,DEMO-C-00006,Inez McLaughlin,HVAC Service,Credit Card (Keyed),12/31/2025 11:27 AM,"$2,730.65",$79.49,,,
DEMO-P-000317,DEMO-I-000346,DEMO-J-000365,DEMO-C-00019,Phil Runte,HVAC Service,Cash,12/31/2025 12:54 PM,$284.00,$0.00,,,
DEMO-P-000318,DEMO-I-000347,DEMO-J-000367,DEMO-C-00016,Estel Kunde,HVAC Service,Credit Card (Keyed),12/31/2025 11:12 AM,$978.00,$28.66,,,
DEMO-P-000319,DEMO-I-000348,DEMO-J-000368,DEMO-C-00019,Phil Runte,HVAC Service,Credit Card (Pay Link),12/31/2025 1:52 PM,$791.65,$23.26,,,
DEMO-P-000320,DEMO-I-000349,DEMO-J-000369,DEMO-C-00004,Brennon Homenick,HVAC Service,Check,1/7/2026 1:09 PM,$978.00,$0.00,9081,,
DEMO-P-000321,DEMO-I-000350,DEMO-J-000370,DEMO-C-00003,Madalyn Toy,Plumbing,Credit Card (Keyed),12/31/2025 11:25 AM,$680.00,$20.02,,,
DEMO-P-000322,DEMO-I-000351,DEMO-J-000371,DEMO-C-00006,Inez McLaughlin,Plumbing,Cash,12/31/2025 10:24 AM,$591.00,$0.00,,,
DEMO-P-000323,DEMO-I-000352,DEMO-J-000372,DEMO-C-00016,Estel Kunde,Plumbing,Check,12/31/2025 12:21 PM,$208.00,$0.00,7876,,
DEMO-P-000324,DEMO-I-000353,DEMO-J-000373,DEMO-C-00008,Katelyn Thompson,HVAC Service,Credit Card (Pay Link),1/2/2026 9:43 AM,$284.00,$8.54,,,
DEMO-P-000325,DEMO-I-000354,DEMO-J-000374,DEMO-C-00026,Cara Beatty,HVAC Service,Credit Card (Pay Link),1/2/2026 10:16 AM,$591.00,$17.44,,,
DEMO-P-000326,DEMO-I-000355,DEMO-J-000375,DEMO-C-00020,Seth King,HVAC Service,Cash,1/2/2026 12:45 PM,$793.37,$0.00,,,
DEMO-P-000327,DEMO-I-000356,DEMO-J-000376,DEMO-C-00001,Hank Erdman,Plumbing,Check,1/2/2026 12:04 PM,"$1,637.65",$0.00,5717,,
DEMO-P-000328,DEMO-I-000357,DEMO-J-000377,DEMO-C-00029,Kallie Durgan,Plumbing,Credit Card (Pay Link),1/2/2026 2:55 PM,$587.00,$17.32,,,
DEMO-P-000329,DEMO-I-000358,DEMO-J-000378,DEMO-C-00021,Silas Bauch,Plumbing,Credit Card (Keyed),1/2/2026 4:39 PM,$225.00,$6.83,,,
DEMO-P-000330,DEMO-I-000359,DEMO-J-000379,DEMO-C-00014,Haskell Bauch,Plumbing,Credit Card (Keyed),1/2/2026 10:25 AM,"$1,052.65",$30.83,,,
DEMO-P-000331,DEMO-I-000360,DEMO-J-000380,DEMO-C-00018,Thad Hilll,Plumbing,Credit Card (Pay Link),1/2/2026 1:10 PM,$814.27,$23.91,,,
DEMO-P-000332,DEMO-I-000361,DEMO-J-000381,DEMO-C-00008,Katelyn Thompson,HVAC Service,Credit Card (Keyed),1/2/2026 3:26 PM,$142.00,$4.42,,,
DEMO-P-000333,DEMO-I-000363,DEMO-J-000383,DEMO-C-00008,Katelyn Thompson,Plumbing,Credit Card (Pay Link),1/3/2026 12:07 PM,$520.00,$15.38,,,
DEMO-P-000334,DEMO-I-000364,DEMO-J-000384,DEMO-C-00011,Cole Flatley,HVAC Service,Credit Card (Pay Link),1/5/2026 10:35 AM,$676.00,$19.90,,,
DEMO-P-000335,DEMO-I-000365,DEMO-J-000385,DEMO-C-00004,Brennon Homenick,HVAC Service,Credit Card (Pay Link),1/5/2026 12:45 PM,$501.26,$14.84,,,
DEMO-P-000336,DEMO-I-000366,DEMO-J-000387,DEMO-C-00006,Inez McLaughlin,HVAC Service,Credit Card (Pay Link),1/5/2026 3:39 PM,"$1,501.57",$43.85,,,
DEMO-P-000337,DEMO-I-000367,DEMO-J-000388,DEMO-C-00008,Katelyn Thompson,HVAC Service,Credit Card (Pay Link),1/5/2026 10:20 AM,"$1,514.65",$44.22,,,
DEMO-P-000338,DEMO-I-000368,DEMO-J-000389,DEMO-C-00011,Cole Flatley,HVAC Service,Credit Card (Keyed),1/5/2026 12:29 PM,$293.00,$8.80,,,
DEMO-P-000339,DEMO-I-000369,DEMO-J-000390,DEMO-C-00013,Jessica Waters,Plumbing,Credit Card (Pay Link),1/5/2026 10:02 AM,$191.00,$5.84,,,
DEMO-P-000340,DEMO-I-000370,DEMO-J-000391,DEMO-C-00029,Kallie Durgan,Plumbing,Credit Card (Keyed),1/5/2026 1:01 PM,$361.00,$10.77,,,
DEMO-P-000341,DEMO-I-000371,DEMO-J-000392,DEMO-C-00029,Kallie Durgan,Plumbing,Credit Card (Pay Link),1/5/2026 6:25 PM,"$3,129.32",$91.05,,,
DEMO-P-000342,DEMO-I-000372,DEMO-J-000393,DEMO-C-00012,Kasey McClure,HVAC Service,Cash,1/5/2026 10:28 AM,$318.00,$0.00,,,
DEMO-P-000343,DEMO-I-000373,DEMO-J-000394,DEMO-C-00012,Kasey McClure,Plumbing,Check,1/5/2026 1:20 PM,$520.00,$0.00,6178,,
DEMO-P-000344,DEMO-I-000375,DEMO-J-000396,DEMO-C-00011,Cole Flatley,HVAC Service,Credit Card (Keyed),1/6/2026 12:21 PM,$246.00,$7.43,,,
DEMO-P-000345,DEMO-I-000376,DEMO-J-000397,DEMO-C-00009,Dion Little,HVAC Service,Check,1/6/2026 10:06 AM,$790.00,$0.00,1646,,
DEMO-P-000346,DEMO-I-000377,DEMO-J-000398,DEMO-C-00014,Haskell Bauch,HVAC Service,Credit Card (Keyed),1/6/2026 11:41 AM,$192.00,$5.87,,,
DEMO-P-000347,DEMO-I-000378,DEMO-J-000399,DEMO-C-00027,Sidney Kohler,Plumbing,Credit Card (Pay Link),1/6/2026 1:13 PM,"$2,764.65",$80.47,,,
DEMO-P-000348,DEMO-I-000380,DEMO-J-000401,DEMO-C-00020,Seth King,Plumbing,Credit Card (Pay Link),1/6/2026 10:34 AM,$361.00,$10.77,,,
DEMO-P-000349,DEMO-I-000381,DEMO-J-000402,DEMO-C-00009,Dion Little,Plumbing,Credit Card (Pay Link),1/6/2026 12:52 PM,$520.00,$15.38,,,
DEMO-P-000350,DEMO-I-000383,DEMO-J-000403,DEMO-C-00020,Seth King,HVAC Service,Check,1/7/2026 9:57 AM,$293.00,$0.00,3740,,
DEMO-P-000351,DEMO-I-000386,DEMO-J-000406,DEMO-C-00028,Freida Kohler,HVAC Service,Credit Card (Keyed),1/7/2026 12:20 PM,$161.00,$4.97,,,
DEMO-P-000352,DEMO-I-000387,DEMO-J-000407,DEMO-C-00016,Estel Kunde,Plumbing,Credit Card (Keyed),1/7/2026 10:49 AM,$591.00,$17.44,,,
DEMO-P-000353,DEMO-I-000388,DEMO-J-000408,DEMO-C-00008,Katelyn Thompson,Plumbing,Check,1/7/2026 1:33 PM,$790.00,$0.00,6418,,
DEMO-P-000354,DEMO-I-000389,DEMO-J-000409,DEMO-C-00022,Clementina Jacobson,Plumbing,Credit Card (Pay Link),1/7/2026 4:29 PM,$790.00,$23.21,,,
DEMO-P-000355,DEMO-I-000391,DEMO-J-000411,DEMO-C-00025,Micah Larkin,Plumbing,Check,1/7/2026 3:43 PM,$336.00,$0.00,5487,,
DEMO-P-000356,DEMO-I-000392,DEMO-J-000293,DEMO-C-00004,Brennon Homenick,HVAC Replacement,Credit Card (Pay Link),1/11/2026 2:00 PM,"$14,184.04",$411.64,,,
DEMO-P-000357,DEMO-I-000393,DEMO-J-000412,DEMO-C-00021,Silas Bauch,HVAC Service,Credit Card (Pay Link),1/8/2026 10:39 AM,$440.00,$13.06,,,
DEMO-P-000358,DEMO-I-000394,DEMO-J-000414,DEMO-C-00006,Inez McLaughlin,HVAC Service,Check,1/8/2026 9:53 AM,$284.00,$0.00,8244,,
DEMO-P-000359,DEMO-I-000395,DEMO-J-000417,DEMO-C-00021,Silas Bauch,HVAC Service,Credit Card (Keyed),1/8/2026 1:56 PM,$490.00,$14.51,,,
DEMO-P-000360,DEMO-I-000396,DEMO-J-000418,DEMO-C-00023,Declan Jaskolski,Plumbing,Credit Card (Keyed),1/8/2026 10:14 AM,$421.00,$12.51,,,
DEMO-P-000361,DEMO-I-000398,DEMO-J-000420,DEMO-C-00002,Natasha Pfannerstill,HVAC Service,Credit Card (Keyed),1/8/2026 9:15 AM,$196.65,$6.00,,,
DEMO-P-000362,DEMO-I-000399,DEMO-J-000421,DEMO-C-00012,Kasey McClure,Plumbing,Check,1/8/2026 12:02 PM,$680.00,$0.00,9835,,
DEMO-P-000363,DEMO-I-000400,DEMO-J-000348,DEMO-C-00006,Inez McLaughlin,HVAC Replacement,Credit Card (Keyed),12/29/2025 4:40 PM,"$2,455.61",$71.51,,,
DEMO-P-000364,DEMO-I-000401,DEMO-J-000422,DEMO-C-00004,Brennon Homenick,HVAC Service,Check,1/9/2026 10:01 AM,$293.00,$0.00,2636,,
DEMO-P-000365,DEMO-I-000402,DEMO-J-000423,DEMO-C-00027,Sidney Kohler,HVAC Service,Check,1/9/2026 12:49 PM,$979.00,$0.00,7527,,
DEMO-P-000366,DEMO-I-000403,DEMO-J-000424,DEMO-C-00023,Declan Jaskolski,HVAC Service,Credit Card (Pay Link),1/9/2026 12:53 PM,"$2,092.57",$60.98,,,
DEMO-P-000367,DEMO-I-000406,DEMO-J-000427,DEMO-C-00018,Thad Hilll,Plumbing,Check,1/9/2026 2:33 PM,"$3,133.32",$0.00,4514,,
DEMO-P-000368,DEMO-I-000407,DEMO-J-000428,DEMO-C-00014,Haskell Bauch,Plumbing,Cash,1/9/2026 5:22 PM,$340.00,$0.00,,,
DEMO-P-000369,DEMO-I-000408,DEMO-J-000430,DEMO-C-00012,Kasey McClure,HVAC Service,Check,1/9/2026 11:32 AM,$284.00,$0.00,5372,,
DEMO-P-000370,DEMO-I-000409,DEMO-J-000431,DEMO-C-00016,Estel Kunde,Plumbing,Cash,1/9/2026 2:13 PM,$293.00,$0.00,,,
DEMO-P-000371,DEMO-I-000411,DEMO-J-000432,DEMO-C-00009,Dion Little,HVAC Service,Cash,1/10/2026 11:02 AM,$284.00,$0.00,,,
