Timesheet ID,Technician ID,Technician,Activity,Job #,Start,End
DEMO-T-000001,DEMO-E-00004,Alize Murazik,Job,DEMO-J-000001,11/17/2025 8:00 AM,11/17/2025 9:31 AM
DEMO-T-000002,DEMO-E-00004,Alize Murazik,Job,DEMO-J-000002,11/17/2025 9:39 AM,11/17/2025 11:12 AM
DEMO-T-000003,DEMO-E-00004,Alize Murazik,Shift,,11/17/2025 7:37 AM,11/17/2025 3:30 PM
DEMO-T-000004,DEMO-E-00005,Henri Schuster,Job,DEMO-J-000003,11/17/2025 7:35 AM,11/17/2025 9:08 AM
DEMO-T-000005,DEMO-E-00005,Henri Schuster,Job,DEMO-J-000004,11/17/2025 9:40 AM,11/17/2025 2:53 PM
DEMO-T-000006,DEMO-E-00005,Henri Schuster,Shift,,11/17/2025 7:24 AM,11/17/2025 3:24 PM
DEMO-T-000007,DEMO-E-00006,Shemar West,Job,DEMO-J-000005,11/17/2025 7:58 AM,11/17/2025 9:52 AM
DEMO-T-000008,DEMO-E-00006,Shemar West,Job,DEMO-J-000006,11/17/2025 10:02 AM,11/17/2025 12:19 PM
DEMO-T-000009,DEMO-E-00006,Shemar West,Shift,,11/17/2025 7:42 AM,11/17/2025 3:27 PM
DEMO-T-000010,DEMO-E-00007,Clint Zieme,Job,DEMO-J-000007,11/17/2025 7:46 AM,11/17/2025 9:59 AM
DEMO-T-000011,DEMO-E-00007,Clint Zieme,Job,DEMO-J-000008,11/17/2025 10:10 AM,11/17/2025 1:14 PM
DEMO-T-000012,DEMO-E-00007,Clint Zieme,Shift,,11/17/2025 7:34 AM,11/17/2025 3:10 PM
DEMO-T-000013,DEMO-E-00008,Mckenzie Howell,Job,DEMO-J-000009,11/17/2025 8:01 AM,11/17/2025 9:41 AM
DEMO-T-000014,DEMO-E-00008,Mckenzie Howell,Job,DEMO-J-000010,11/17/2025 9:53 AM,11/17/2025 11:26 AM
DEMO-T-000015,DEMO-E-00008,Mckenzie Howell,Shift,,11/17/2025 7:40 AM,11/17/2025 3:07 PM
DEMO-T-000016,DEMO-E-00010,Jillian Pouros,Job,DEMO-J-000011,11/17/2025 7:47 AM,11/17/2025 12:00 PM
DEMO-T-000017,DEMO-E-00010,Jillian Pouros,Job,DEMO-J-000012,11/17/2025 12:08 PM,11/17/2025 5:12 PM
DEMO-T-000018,DEMO-E-00010,Jillian Pouros,Shift,,11/17/2025 7:28 AM,11/17/2025 5:41 PM
DEMO-T-000019,DEMO-E-00011,Alexane Walker,Job,DEMO-J-000013,11/17/2025 7:43 AM,11/17/2025 10:25 AM
DEMO-T-000020,DEMO-E-00011,Alexane Walker,Shift,,11/17/2025 7:30 AM,11/17/2025 3:01 PM
DEMO-T-000021,DEMO-E-00012,Marietta Rath,Shift,,11/17/2025 7:33 AM,11/17/2025 3:22 PM
DEMO-T-000022,DEMO-E-00013,Denis Jenkins,Shift,,11/17/2025 7:33 AM,11/17/2025 3:29 PM
DEMO-T-000023,DEMO-E-00003,Hollie Will,Shift,,11/17/2025 8:05 AM,11/17/2025 3:42 PM
DEMO-T-000024,DEMO-E-00004,Alize Murazik,Job,DEMO-J-000014,11/18/2025 7:51 AM,11/18/2025 10:33 AM
DEMO-T-000025,DEMO-E-00004,Alize Murazik,Job,DEMO-J-000015,11/18/2025 10:38 AM,11/18/2025 2:22 PM
DEMO-T-000026,DEMO-E-00004,Alize Murazik,Shift,,11/18/2025 7:31 AM,11/18/2025 3:22 PM
DEMO-T-000027,DEMO-E-00005,Henri Schuster,Job,DEMO-J-000017,11/18/2025 7:56 AM,11/18/2025 10:18 AM
DEMO-T-000028,DEMO-E-00005,Henri Schuster,Job,DEMO-J-000018,11/18/2025 10:28 AM,11/18/2025 3:13 PM
DEMO-T-000029,DEMO-E-00005,Henri Schuster,Job,DEMO-J-000019,11/18/2025 3:21 PM,11/18/2025 6:44 PM
DEMO-T-000030,DEMO-E-00005,Henri Schuster,Shift,,11/18/2025 7:39 AM,11/18/2025 7:11 PM
DEMO-T-000031,DEMO-E-00006,Shemar West,Shift,,11/18/2025 7:27 AM,11/18/2025 3:20 PM
DEMO-T-000032,DEMO-E-00007,Clint Zieme,Job,DEMO-J-000021,11/18/2025 7:49 AM,11/18/2025 10:16 AM
DEMO-T-000033,DEMO-E-00007,Clint Zieme,Job,DEMO-J-000022,11/18/2025 10:27 AM,11/18/2025 1:13 PM
DEMO-T-000034,DEMO-E-00007,Clint Zieme,Shift,,11/18/2025 7:32 AM,11/18/2025 3:09 PM
DEMO-T-000035,DEMO-E-00008,Mckenzie Howell,Job,DEMO-J-000023,11/18/2025 7:41 AM,11/18/2025 9:55 AM
DEMO-T-000036,DEMO-E-00008,Mckenzie Howell,Job,DEMO-J-000024,11/18/2025 10:07 AM,11/18/2025 12:17 PM
DEMO-T-000037,DEMO-E-00008,Mckenzie Howell,Shift,,11/18/2025 7:23 AM,11/18/2025 3:08 PM
DEMO-T-000038,DEMO-E-00010,Jillian Pouros,Job,DEMO-J-000025,11/18/2025 7:39 AM,11/18/2025 9:41 AM
DEMO-T-000039,DEMO-E-00010,Jillian Pouros,Job,DEMO-J-000026,11/18/2025 9:46 AM,11/18/2025 12:04 PM
DEMO-T-000040,DEMO-E-00010,Jillian Pouros,Shift,,11/18/2025 7:28 AM,11/18/2025 3:06 PM
DEMO-T-000041,DEMO-E-00011,Alexane Walker,Job,DEMO-J-000027,11/18/2025 8:03 AM,11/18/2025 9:52 AM
DEMO-T-000042,DEMO-E-00011,Alexane Walker,Shift,,11/18/2025 7:41 AM,11/18/2025 3:21 PM
DEMO-T-000043,DEMO-E-00012,Marietta Rath,Shift,,11/18/2025 7:31 AM,11/18/2025 3:30 PM
DEMO-T-000044,DEMO-E-00013,Denis Jenkins,Shift,,11/18/2025 7:31 AM,11/18/2025 3:33 PM
DEMO-T-000045,DEMO-E-00003,Hollie Will,Shift,,11/18/2025 8:04 AM,11/18/2025 3:54 PM
DEMO-T-000046,DEMO-E-00004,Alize Murazik,Job,DEMO-J-000028,11/19/2025 7:52 AM,11/19/2025 9:29 AM
DEMO-T-000047,DEMO-E-00004,Alize Murazik,Job,DEMO-J-000029,11/19/2025 9:36 AM,11/19/2025 11:05 AM
DEMO-T-000048,DEMO-E-00004,Alize Murazik,Shift,,11/19/2025 7:36 AM,11/19/2025 3:30 PM
DEMO-T-000049,DEMO-E-00005,Henri Schuster,Job,DEMO-J-000030,11/19/2025 7:36 AM,11/19/2025 9:16 AM
DEMO-T-000050,DEMO-E-00005,Henri Schuster,Job,DEMO-J-000031,11/19/2025 9:39 AM,11/19/2025 12:28 PM
DEMO-T-000051,DEMO-E-00005,Henri Schuster,Job,DEMO-J-000032,11/19/2025 12:37 PM,11/19/2025 3:56 PM
DEMO-T-000052,DEMO-E-00005,Henri Schuster,Shift,,11/19/2025 7:23 AM,11/19/2025 4:25 PM
DEMO-T-000053,DEMO-E-00006,Shemar West,Job,DEMO-J-000033,11/19/2025 7:41 AM,11/19/2025 10:30 AM
DEMO-T-000054,DEMO-E-00006,Shemar West,Shift,,11/19/2025 7:24 AM,11/19/2025 3:06 PM
DEMO-T-000055,DEMO-E-00007,Clint Zieme,Job,DEMO-J-000034,11/19/2025 7:45 AM,11/19/2025 10:00 AM
DEMO-T-000056,DEMO-E-00007,Clint Zieme,Job,DEMO-J-000035,11/19/2025 10:05 AM,11/19/2025 2:03 PM
DEMO-T-000057,DEMO-E-00007,Clint Zieme,Shift,,11/19/2025 7:30 AM,11/19/2025 3:09 PM
DEMO-T-000058,DEMO-E-00008,Mckenzie Howell,Job,DEMO-J-000036,11/19/2025 7:53 AM,11/19/2025 9:43 AM
DEMO-T-000059,DEMO-E-00008,Mckenzie Howell,Shift,,11/19/2025 7:37 AM,11/19/2025 3:24 PM
DEMO-T-000060,DEMO-E-00010,Jillian Pouros,Job,DEMO-J-000037,11/19/2025 7:38 AM,11/19/2025 11:24 AM
DEMO-T-000061,DEMO-E-00010,Jillian Pouros,Job,DEMO-J-000038,11/19/2025 11:30 AM,11/19/2025 3:50 PM
DEMO-T-000062,DEMO-E-00010,Jillian Pouros,Shift,,11/19/2025 7:26 AM,11/19/2025 4:31 PM
DEMO-T-000063,DEMO-E-00011,Alexane Walker,Job,DEMO-J-000039,11/19/2025 7:58 AM,11/19/2025 12:16 PM
DEMO-T-000064,DEMO-E-00011,Alexane Walker,Job,DEMO-J-000040,11/19/2025 12:23 PM,11/19/2025 2:53 PM
DEMO-T-000065,DEMO-E-00011,Alexane Walker,Job,DEMO-J-000041,11/19/2025 2:59 PM,11/19/2025 7:11 PM
DEMO-T-000066,DEMO-E-00011,Alexane Walker,Shift,,11/19/2025 7:37 AM,11/19/2025 7:46 PM
DEMO-T-000067,DEMO-E-00012,Marietta Rath,Shift,,11/19/2025 7:30 AM,11/19/2025 3:06 PM
DEMO-T-000068,DEMO-E-00013,Denis Jenkins,Shift,,11/19/2025 7:30 AM,11/19/2025 3:12 PM
DEMO-T-000069,DEMO-E-00003,Hollie Will,Shift,,11/19/2025 8:05 AM,11/19/2025 3:41 PM
DEMO-T-000070,DEMO-E-00004,Alize Murazik,Job,DEMO-J-000042,11/20/2025 7:50 AM,11/20/2025 9:09 AM
DEMO-T-000071,DEMO-E-00004,Alize Murazik,Job,DEMO-J-000044,11/20/2025 9:25 AM,11/20/2025 11:31 AM
DEMO-T-000072,DEMO-E-00004,Alize Murazik,Shift,,11/20/2025 7:33 AM,11/20/2025 3:25 PM
DEMO-T-000073,DEMO-E-00005,Henri Schuster,Job,DEMO-J-000045,11/20/2025 8:04 AM,11/20/2025 9:52 AM
DEMO-T-000074,DEMO-E-00005,Henri Schuster,Job,DEMO-J-000046,11/20/2025 10:06 AM,11/20/2025 2:18 PM
DEMO-T-000075,DEMO-E-00005,Henri Schuster,Shift,,11/20/2025 7:40 AM,11/20/2025 3:13 PM
DEMO-T-000076,DEMO-E-00006,Shemar West,Job,DEMO-J-000047,11/20/2025 8:01 AM,11/20/2025 10:03 AM
DEMO-T-000077,DEMO-E-00006,Shemar West,Job,DEMO-J-000048,11/20/2025 10:15 AM,11/20/2025 12:16 PM
DEMO-T-000078,DEMO-E-00006,Shemar West,Shift,,11/20/2025 7:36 AM,11/20/2025 3:16 PM
DEMO-T-000079,DEMO-E-00007,Clint Zieme,Job,DEMO-J-000049,11/20/2025 7:59 AM,11/20/2025 9:54 AM
DEMO-T-000080,DEMO-E-00007,Clint Zieme,Job,DEMO-J-000050,11/20/2025 10:03 AM,11/20/2025 2:15 PM
DEMO-T-000081,DEMO-E-00007,Clint Zieme,Shift,,11/20/2025 7:40 AM,11/20/2025 3:19 PM
DEMO-T-000082,DEMO-E-00008,Mckenzie Howell,Job,DEMO-J-000051,11/20/2025 7:45 AM,11/20/2025 10:04 AM
DEMO-T-000083,DEMO-E-00008,Mckenzie Howell,Shift,,11/20/2025 7:30 AM,11/20/2025 3:27 PM
DEMO-T-000084,DEMO-E-00010,Jillian Pouros,Job,DEMO-J-000052,11/20/2025 7:54 AM,11/20/2025 10:14 AM
DEMO-T-000085,DEMO-E-00010,Jillian Pouros,Shift,,11/20/2025 7:38 AM,11/20/2025 3:04 PM
DEMO-T-000086,DEMO-E-00011,Alexane Walker,Job,DEMO-J-000053,11/20/2025 7:40 AM,11/20/2025 10:12 AM
DEMO-T-000087,DEMO-E-00011,Alexane Walker,Shift,,11/20/2025 7:22 AM,11/20/2025 3:16 PM
DEMO-T-000088,DEMO-E-00012,Marietta Rath,Job,DEMO-J-000016,11/20/2025 7:55 AM,11/20/2025 3:51 PM
DEMO-T-000089,DEMO-E-00012,Marietta Rath,Shift,,11/20/2025 7:31 AM,11/20/2025 4:18 PM
DEMO-T-000090,DEMO-E-00013,Denis Jenkins,Job,DEMO-J-000016,11/20/2025 7:55 AM,11/20/2025 3:51 PM
DEMO-T-000091,DEMO-E-00013,Denis Jenkins,Shift,,11/20/2025 7:31 AM,11/20/2025 4:18 PM
DEMO-T-000092,DEMO-E-00003,Hollie Will,Shift,,11/20/2025 8:02 AM,11/20/2025 3:57 PM
DEMO-T-000093,DEMO-E-00004,Alize Murazik,Job,DEMO-J-000054,11/21/2025 7:53 AM,11/21/2025 10:18 AM
DEMO-T-000094,DEMO-E-00004,Alize Murazik,Job,DEMO-J-000055,11/21/2025 10:30 AM,11/21/2025 12:01 PM
DEMO-T-000095,DEMO-E-00004,Alize Murazik,Shift,,11/21/2025 7:34 AM,11/21/2025 3:28 PM
DEMO-T-000096,DEMO-E-00005,Henri Schuster,Job,DEMO-J-000056,11/21/2025 7:47 AM,11/21/2025 9:39 AM
DEMO-T-000097,DEMO-E-00005,Henri Schuster,Job,DEMO-J-000057,11/21/2025 9:52 AM,11/21/2025 12:17 PM
DEMO-T-000098,DEMO-E-00005,Henri Schuster,Job,DEMO-J-000058,11/21/2025 12:32 PM,11/21/2025 2:29 PM
DEMO-T-000099,DEMO-E-00005,Henri Schuster,Shift,,11/21/2025 7:22 AM,11/21/2025 3:18 PM
DEMO-T-000100,DEMO-E-00006,Shemar West,Job,DEMO-J-000059,11/21/2025 7:42 AM,11/21/2025 9:49 AM
DEMO-T-000101,DEMO-E-00006,Shemar West,Shift,,11/21/2025 7:27 AM,11/21/2025 3:27 PM
DEMO-T-000102,DEMO-E-00007,Clint Zieme,Job,DEMO-J-000060,11/21/2025 7:44 AM,11/21/2025 10:16 AM
DEMO-T-000103,DEMO-E-00007,Clint Zieme,Shift,,11/21/2025 7:26 AM,11/21/2025 3:11 PM
DEMO-T-000104,DEMO-E-00008,Mckenzie Howell,Job,DEMO-J-000061,11/21/2025 7:55 AM,11/21/2025 9:43 AM
DEMO-T-000105,DEMO-E-00008,Mckenzie Howell,Shift,,11/21/2025 7:34 AM,11/21/2025 3:21 PM
DEMO-T-000106,DEMO-E-00010,Jillian Pouros,Job,DEMO-J-000062,11/21/2025 8:02 AM,11/21/2025 11:11 AM
DEMO-T-000107,DEMO-E-00010,Jillian Pouros,Job,DEMO-J-000063,11/21/2025 11:23 AM,11/21/2025 1:17 PM
DEMO-T-000108,DEMO-E-00010,Jillian Pouros,Shift,,11/21/2025 7:40 AM,11/21/2025 3:03 PM
DEMO-T-000109,DEMO-E-00011,Alexane Walker,Job,DEMO-J-000064,11/21/2025 7:41 AM,11/21/2025 12:27 PM
DEMO-T-000110,DEMO-E-00011,Alexane Walker,Job,DEMO-J-000065,11/21/2025 12:33 PM,11/21/2025 3:19 PM
DEMO-T-000111,DEMO-E-00011,Alexane Walker,Shift,,11/21/2025 7:28 AM,11/21/2025 3:43 PM
DEMO-T-000112,DEMO-E-00012,Marietta Rath,Job,DEMO-J-000016,11/21/2025 7:59 AM,11/21/2025 3:52 PM
DEMO-T-000113,DEMO-E-00012,Marietta Rath,Shift,,11/21/2025 7:33 AM,11/21/2025 4:22 PM
DEMO-T-000114,DEMO-E-00013,Denis Jenkins,Job,DEMO-J-000016,11/21/2025 7:59 AM,11/21/2025 3:52 PM
DEMO-T-000115,DEMO-E-00013,Denis Jenkins,Shift,,11/21/2025 7:33 AM,11/21/2025 4:20 PM
DEMO-T-000116,DEMO-E-00003,Hollie Will,Shift,,11/21/2025 8:01 AM,11/21/2025 3:45 PM
DEMO-T-000117,DEMO-E-00004,Alize Murazik,Job,DEMO-J-000066,11/24/2025 7:50 AM,11/24/2025 11:40 AM
DEMO-T-000118,DEMO-E-00004,Alize Murazik,Job,DEMO-J-000067,11/24/2025 11:54 AM,11/24/2025 5:39 PM
DEMO-T-000119,DEMO-E-00004,Alize Murazik,Shift,,11/24/2025 7:27 AM,11/24/2025 6:06 PM
DEMO-T-000120,DEMO-E-00005,Henri Schuster,Job,DEMO-J-000068,11/24/2025 7:42 AM,11/24/2025 9:41 AM
DEMO-T-000121,DEMO-E-00005,Henri Schuster,Shift,,11/24/2025 7:26 AM,11/24/2025 3:01 PM
DEMO-T-000122,DEMO-E-00007,Clint Zieme,Job,DEMO-J-000069,11/24/2025 7:52 AM,11/24/2025 9:38 AM
DEMO-T-000123,DEMO-E-00007,Clint Zieme,Shift,,11/24/2025 7:31 AM,11/24/2025 3:20 PM
DEMO-T-000124,DEMO-E-00008,Mckenzie Howell,Job,DEMO-J-000070,11/24/2025 7:38 AM,11/24/2025 10:18 AM
DEMO-T-000125,DEMO-E-00008,Mckenzie Howell,Job,DEMO-J-000071,11/24/2025 10:29 AM,11/24/2025 12:58 PM
DEMO-T-000126,DEMO-E-00008,Mckenzie Howell,Shift,,11/24/2025 7:27 AM,11/24/2025 3:30 PM
DEMO-T-000127,DEMO-E-00009,Lenore Keebler,Job,DEMO-J-000072,11/24/2025 8:01 AM,11/24/2025 10:47 AM
DEMO-T-000128,DEMO-E-00009,Lenore Keebler,Shift,,11/24/2025 7:41 AM,11/24/2025 3:12 PM
DEMO-T-000129,DEMO-E-00012,Marietta Rath,Job,DEMO-J-000043,11/24/2025 7:45 AM,11/24/2025 2:44 PM
DEMO-T-000130,DEMO-E-00012,Marietta Rath,Shift,,11/24/2025 7:28 AM,11/24/2025 3:05 PM
DEMO-T-000131,DEMO-E-00013,Denis Jenkins,Job,DEMO-J-000043,11/24/2025 7:45 AM,11/24/2025 2:44 PM
DEMO-T-000132,DEMO-E-00013,Denis Jenkins,Shift,,11/24/2025 7:28 AM,11/24/2025 3:08 PM
DEMO-T-000133,DEMO-E-00003,Hollie Will,Shift,,11/24/2025 7:57 AM,11/24/2025 3:46 PM
DEMO-T-000134,DEMO-E-00004,Alize Murazik,Job,DEMO-J-000074,11/25/2025 7:55 AM,11/25/2025 10:49 AM
DEMO-T-000135,DEMO-E-00004,Alize Murazik,Shift,,11/25/2025 7:40 AM,11/25/2025 3:16 PM
DEMO-T-000136,DEMO-E-00005,Henri Schuster,Job,DEMO-J-000075,11/25/2025 7:59 AM,11/25/2025 10:08 AM
DEMO-T-000137,DEMO-E-00005,Henri Schuster,Job,DEMO-J-000076,11/25/2025 10:17 AM,11/25/2025 11:59 AM
DEMO-T-000138,DEMO-E-00005,Henri Schuster,Job,DEMO-J-000077,11/25/2025 12:06 PM,11/25/2025 1:58 PM
DEMO-T-000139,DEMO-E-00005,Henri Schuster,Shift,,11/25/2025 7:41 AM,11/25/2025 3:08 PM
DEMO-T-000140,DEMO-E-00007,Clint Zieme,Job,DEMO-J-000078,11/25/2025 7:49 AM,11/25/2025 9:57 AM
DEMO-T-000141,DEMO-E-00007,Clint Zieme,Shift,,11/25/2025 7:25 AM,11/25/2025 3:02 PM
DEMO-T-000142,DEMO-E-00008,Mckenzie Howell,Job,DEMO-J-000079,11/25/2025 7:46 AM,11/25/2025 9:32 AM
DEMO-T-000143,DEMO-E-00008,Mckenzie Howell,Shift,,11/25/2025 7:24 AM,11/25/2025 3:30 PM
DEMO-T-000144,DEMO-E-00009,Lenore Keebler,Job,DEMO-J-000080,11/25/2025 7:54 AM,11/25/2025 10:48 AM
DEMO-T-000145,DEMO-E-00009,Lenore Keebler,Job,DEMO-J-000081,11/25/2025 10:53 AM,11/25/2025 2:24 PM
DEMO-T-000146,DEMO-E-00009,Lenore Keebler,Shift,,11/25/2025 7:42 AM,11/25/2025 3:19 PM
DEMO-T-000147,DEMO-E-00012,Marietta Rath,Job,DEMO-J-000043,11/25/2025 8:03 AM,11/25/2025 3:53 PM
DEMO-T-000148,DEMO-E-00012,Marietta Rath,Shift,,11/25/2025 7:39 AM,11/25/2025 4:20 PM
DEMO-T-000149,DEMO-E-00013,Denis Jenkins,Job,DEMO-J-000043,11/25/2025 8:03 AM,11/25/2025 3:53 PM
DEMO-T-000150,DEMO-E-00013,Denis Jenkins,Shift,,11/25/2025 7:39 AM,11/25/2025 4:21 PM
DEMO-T-000151,DEMO-E-00003,Hollie Will,Shift,,11/25/2025 8:03 AM,11/25/2025 3:50 PM
DEMO-T-000152,DEMO-E-00004,Alize Murazik,Job,DEMO-J-000082,11/26/2025 7:46 AM,11/26/2025 9:50 AM
DEMO-T-000153,DEMO-E-00004,Alize Murazik,Job,DEMO-J-000083,11/26/2025 9:58 AM,11/26/2025 11:59 AM
DEMO-T-000154,DEMO-E-00004,Alize Murazik,Job,DEMO-J-000084,11/26/2025 12:12 PM,11/26/2025 2:12 PM
DEMO-T-000155,DEMO-E-00004,Alize Murazik,Shift,,11/26/2025 7:33 AM,11/26/2025 3:11 PM
DEMO-T-000156,DEMO-E-00005,Henri Schuster,Job,DEMO-J-000085,11/26/2025 7:44 AM,11/26/2025 10:30 AM
DEMO-T-000157,DEMO-E-00005,Henri Schuster,Job,DEMO-J-000086,11/26/2025 10:42 AM,11/26/2025 2:03 PM
DEMO-T-000158,DEMO-E-00005,Henri Schuster,Shift,,11/26/2025 7:26 AM,11/26/2025 3:20 PM
DEMO-T-000159,DEMO-E-00007,Clint Zieme,Job,DEMO-J-000087,11/26/2025 8:00 AM,11/26/2025 11:46 AM
DEMO-T-000160,DEMO-E-00007,Clint Zieme,Job,DEMO-J-000088,11/26/2025 11:52 AM,11/26/2025 2:40 PM
DEMO-T-000161,DEMO-E-00007,Clint Zieme,Shift,,11/26/2025 7:35 AM,11/26/2025 3:23 PM
DEMO-T-000162,DEMO-E-00008,Mckenzie Howell,Job,DEMO-J-000089,11/26/2025 7:40 AM,11/26/2025 8:54 AM
DEMO-T-000163,DEMO-E-00008,Mckenzie Howell,Job,DEMO-J-000090,11/26/2025 9:23 AM,11/26/2025 11:59 AM
DEMO-T-000164,DEMO-E-00008,Mckenzie Howell,Shift,,11/26/2025 7:29 AM,11/26/2025 3:00 PM
DEMO-T-000165,DEMO-E-00009,Lenore Keebler,Job,DEMO-J-000091,11/26/2025 8:05 AM,11/26/2025 11:48 AM
DEMO-T-000166,DEMO-E-00009,Lenore Keebler,Job,DEMO-J-000092,11/26/2025 11:58 AM,11/26/2025 2:48 PM
DEMO-T-000167,DEMO-E-00009,Lenore Keebler,Shift,,11/26/2025 7:42 AM,11/26/2025 3:16 PM
DEMO-T-000168,DEMO-E-00012,Marietta Rath,Shift,,11/26/2025 7:30 AM,11/26/2025 3:10 PM
DEMO-T-000169,DEMO-E-00013,Denis Jenkins,Shift,,11/26/2025 7:30 AM,11/26/2025 3:09 PM
DEMO-T-000170,DEMO-E-00003,Hollie Will,Shift,,11/26/2025 8:03 AM,11/26/2025 3:58 PM
DEMO-T-000171,DEMO-E-00005,Henri Schuster,Job,DEMO-J-000093,11/29/2025 10:06 AM,11/29/2025 1:24 PM
DEMO-T-000172,DEMO-E-00005,Henri Schuster,Job,DEMO-J-000094,11/29/2025 1:38 PM,11/29/2025 5:44 PM
DEMO-T-000173,DEMO-E-00005,Henri Schuster,Shift,,11/29/2025 9:52 AM,11/29/2025 6:07 PM
DEMO-T-000174,DEMO-E-00010,Jillian Pouros,Job,DEMO-J-000095,11/29/2025 9:57 AM,11/29/2025 1:53 PM
DEMO-T-000175,DEMO-E-00010,Jillian Pouros,Shift,,11/29/2025 9:46 AM,11/29/2025 2:34 PM
DEMO-T-000176,DEMO-E-00004,Alize Murazik,Job,DEMO-J-000096,12/1/2025 7:50 AM,12/1/2025 9:51 AM
DEMO-T-000177,DEMO-E-00004,Alize Murazik,Shift,,12/1/2025 7:35 AM,12/1/2025 3:16 PM
DEMO-T-000178,DEMO-E-00005,Henri Schuster,Job,DEMO-J-000097,12/1/2025 7:45 AM,12/1/2025 11:21 AM
DEMO-T-000179,DEMO-E-00005,Henri Schuster,Job,DEMO-J-000098,12/1/2025 11:29 AM,12/1/2025 2:09 PM
DEMO-T-000180,DEMO-E-00005,Henri Schuster,Shift,,12/1/2025 7:24 AM,12/1/2025 3:01 PM
DEMO-T-000181,DEMO-E-00006,Shemar West,Job,DEMO-J-000099,12/1/2025 7:52 AM,12/1/2025 10:39 AM
DEMO-T-000182,DEMO-E-00006,Shemar West,Job,DEMO-J-000100,12/1/2025 10:54 AM,12/1/2025 2:20 PM
DEMO-T-000183,DEMO-E-00006,Shemar West,Job,DEMO-J-000101,12/1/2025 2:27 PM,12/1/2025 4:39 PM
DEMO-T-000184,DEMO-E-00006,Shemar West,Shift,,12/1/2025 7:31 AM,12/1/2025 5:23 PM
DEMO-T-000185,DEMO-E-00007,Clint Zieme,Job,DEMO-J-000102,12/1/2025 8:05 AM,12/1/2025 10:31 AM
DEMO-T-000186,DEMO-E-00007,Clint Zieme,Job,DEMO-J-000103,12/1/2025 10:44 AM,12/1/2025 12:23 PM
DEMO-T-000187,DEMO-E-00007,Clint Zieme,Shift,,12/1/2025 7:40 AM,12/1/2025 3:21 PM
DEMO-T-000188,DEMO-E-00009,Lenore Keebler,Job,DEMO-J-000104,12/1/2025 8:00 AM,12/1/2025 11:00 AM
DEMO-T-000189,DEMO-E-00009,Lenore Keebler,Shift,,12/1/2025 7:41 AM,12/1/2025 3:27 PM
DEMO-T-000190,DEMO-E-00010,Jillian Pouros,Job,DEMO-J-000105,12/1/2025 7:50 AM,12/1/2025 12:15 PM
DEMO-T-000191,DEMO-E-00010,Jillian Pouros,Job,DEMO-J-000106,12/1/2025 12:20 PM,12/1/2025 2:22 PM
DEMO-T-000192,DEMO-E-00010,Jillian Pouros,Shift,,12/1/2025 7:28 AM,12/1/2025 3:29 PM
DEMO-T-000193,DEMO-E-00012,Marietta Rath,Shift,,12/1/2025 7:33 AM,12/1/2025 3:05 PM
DEMO-T-000194,DEMO-E-00003,Hollie Will,Shift,,12/1/2025 8:02 AM,12/1/2025 3:46 PM
DEMO-T-000195,DEMO-E-00004,Alize Murazik,Job,DEMO-J-000107,12/2/2025 7:48 AM,12/2/2025 10:01 AM
DEMO-T-000196,DEMO-E-00004,Alize Murazik,Job,DEMO-J-000108,12/2/2025 10:13 AM,12/2/2025 12:57 PM
DEMO-T-000197,DEMO-E-00004,Alize Murazik,Shift,,12/2/2025 7:27 AM,12/2/2025 3:26 PM
DEMO-T-000198,DEMO-E-00005,Henri Schuster,Job,DEMO-J-000109,12/2/2025 7:43 AM,12/2/2025 9:49 AM
DEMO-T-000199,DEMO-E-00005,Henri Schuster,Job,DEMO-J-000110,12/2/2025 9:56 AM,12/2/2025 11:28 AM
DEMO-T-000200,DEMO-E-00005,Henri Schuster,Shift,,12/2/2025 7:25 AM,12/2/2025 3:05 PM
DEMO-T-000201,DEMO-E-00006,Shemar West,Job,DEMO-J-000111,12/2/2025 7:47 AM,12/2/2025 9:46 AM
DEMO-T-000202,DEMO-E-00006,Shemar West,Shift,,12/2/2025 7:22 AM,12/2/2025 3:14 PM
DEMO-T-000203,DEMO-E-00007,Clint Zieme,Job,DEMO-J-000112,12/2/2025 7:56 AM,12/2/2025 9:44 AM
DEMO-T-000204,DEMO-E-00007,Clint Zieme,Shift,,12/2/2025 7:36 AM,12/2/2025 3:12 PM
DEMO-T-000205,DEMO-E-00009,Lenore Keebler,Job,DEMO-J-000113,12/2/2025 7:59 AM,12/2/2025 9:42 AM
DEMO-T-000206,DEMO-E-00009,Lenore Keebler,Job,DEMO-J-000114,12/2/2025 9:53 AM,12/2/2025 1:39 PM
DEMO-T-000207,DEMO-E-00009,Lenore Keebler,Job,DEMO-J-000115,12/2/2025 1:52 PM,12/2/2025 4:17 PM
DEMO-T-000208,DEMO-E-00009,Lenore Keebler,Shift,,12/2/2025 7:40 AM,12/2/2025 4:44 PM
DEMO-T-000209,DEMO-E-00010,Jillian Pouros,Job,DEMO-J-000116,12/2/2025 7:51 AM,12/2/2025 10:44 AM
DEMO-T-000210,DEMO-E-00010,Jillian Pouros,Job,DEMO-J-000117,12/2/2025 10:51 AM,12/2/2025 1:26 PM
DEMO-T-000211,DEMO-E-00010,Jillian Pouros,Shift,,12/2/2025 7:27 AM,12/2/2025 3:10 PM
DEMO-T-000212,DEMO-E-00012,Marietta Rath,Shift,,12/2/2025 7:36 AM,12/2/2025 3:06 PM
DEMO-T-000213,DEMO-E-00003,Hollie Will,Shift,,12/2/2025 7:55 AM,12/2/2025 3:40 PM
DEMO-T-000214,DEMO-E-00004,Alize Murazik,Job,DEMO-J-000118,12/3/2025 8:01 AM,12/3/2025 9:41 AM
DEMO-T-000215,DEMO-E-00004,Alize Murazik,Job,DEMO-J-000119,12/3/2025 9:52 AM,12/3/2025 11:47 AM
DEMO-T-000216,DEMO-E-00004,Alize Murazik,Shift,,12/3/2025 7:41 AM,12/3/2025 3:28 PM
DEMO-T-000217,DEMO-E-00005,Henri Schuster,Job,DEMO-J-000120,12/3/2025 7:50 AM,12/3/2025 11:09 AM
DEMO-T-000218,DEMO-E-00005,Henri Schuster,Job,DEMO-J-000121,12/3/2025 11:21 AM,12/3/2025 1:27 PM
DEMO-T-000219,DEMO-E-00005,Henri Schuster,Shift,,12/3/2025 7:29 AM,12/3/2025 3:26 PM
DEMO-T-000220,DEMO-E-00006,Shemar West,Job,DEMO-J-000122,12/3/2025 7:46 AM,12/3/2025 9:45 AM
DEMO-T-000221,DEMO-E-00006,Shemar West,Shift,,12/3/2025 7:22 AM,12/3/2025 3:18 PM
DEMO-T-000222,DEMO-E-00007,Clint Zieme,Job,DEMO-J-000123,12/3/2025 7:39 AM,12/3/2025 9:31 AM
DEMO-T-000223,DEMO-E-00007,Clint Zieme,Shift,,12/3/2025 7:27 AM,12/3/2025 3:00 PM
DEMO-T-000224,DEMO-E-00009,Lenore Keebler,Job,DEMO-J-000124,12/3/2025 7:56 AM,12/3/2025 9:30 AM
DEMO-T-000225,DEMO-E-00009,Lenore Keebler,Job,DEMO-J-000125,12/3/2025 9:38 AM,12/3/2025 12:40 PM
DEMO-T-000226,DEMO-E-00009,Lenore Keebler,Job,DEMO-J-000126,12/3/2025 12:46 PM,12/3/2025 4:13 PM
DEMO-T-000227,DEMO-E-00009,Lenore Keebler,Shift,,12/3/2025 7:42 AM,12/3/2025 4:56 PM
DEMO-T-000228,DEMO-E-00010,Jillian Pouros,Job,DEMO-J-000127,12/3/2025 7:54 AM,12/3/2025 9:58 AM
DEMO-T-000229,DEMO-E-00010,Jillian Pouros,Shift,,12/3/2025 7:29 AM,12/3/2025 3:01 PM
DEMO-T-000230,DEMO-E-00012,Marietta Rath,Shift,,12/3/2025 7:26 AM,12/3/2025 3:33 PM
DEMO-T-000231,DEMO-E-00003,Hollie Will,Shift,,12/3/2025 8:02 AM,12/3/2025 3:35 PM
DEMO-T-000232,DEMO-E-00004,Alize Murazik,Job,DEMO-J-000128,12/4/2025 8:01 AM,12/4/2025 9:28 AM
DEMO-T-000233,DEMO-E-00004,Alize Murazik,Job,DEMO-J-000129,12/4/2025 9:40 AM,12/4/2025 12:34 PM
DEMO-T-000234,DEMO-E-00004,Alize Murazik,Shift,,12/4/2025 7:42 AM,12/4/2025 3:02 PM
DEMO-T-000235,DEMO-E-00005,Henri Schuster,Job,DEMO-J-000130,12/4/2025 8:07 AM,12/4/2025 10:22 AM
DEMO-T-000236,DEMO-E-00005,Henri Schuster,Job,DEMO-J-000131,12/4/2025 10:28 AM,12/4/2025 12:15 PM
DEMO-T-000237,DEMO-E-00005,Henri Schuster,Job,DEMO-J-000132,12/4/2025 12:23 PM,12/4/2025 2:26 PM
DEMO-T-000238,DEMO-E-00005,Henri Schuster,Shift,,12/4/2025 7:42 AM,12/4/2025 3:13 PM
DEMO-T-000239,DEMO-E-00006,Shemar West,Job,DEMO-J-000133,12/4/2025 8:01 AM,12/4/2025 9:57 AM
DEMO-T-000240,DEMO-E-00006,Shemar West,Job,DEMO-J-000134,12/4/2025 10:06 AM,12/4/2025 1:20 PM
DEMO-T-000241,DEMO-E-00006,Shemar West,Shift,,12/4/2025 7:41 AM,12/4/2025 3:23 PM
DEMO-T-000242,DEMO-E-00007,Clint Zieme,Job,DEMO-J-000135,12/4/2025 7:43 AM,12/4/2025 10:17 AM
DEMO-T-000243,DEMO-E-00007,Clint Zieme,Job,DEMO-J-000136,12/4/2025 10:31 AM,12/4/2025 1:27 PM
DEMO-T-000244,DEMO-E-00007,Clint Zieme,Shift,,12/4/2025 7:26 AM,12/4/2025 3:29 PM
DEMO-T-000245,DEMO-E-00009,Lenore Keebler,Job,DEMO-J-000137,12/4/2025 7:47 AM,12/4/2025 8:58 AM
DEMO-T-000246,DEMO-E-00009,Lenore Keebler,Job,DEMO-J-000138,12/4/2025 9:26 AM,12/4/2025 12:02 PM
DEMO-T-000247,DEMO-E-00009,Lenore Keebler,Shift,,12/4/2025 7:31 AM,12/4/2025 3:04 PM
DEMO-T-000248,DEMO-E-00010,Jillian Pouros,Job,DEMO-J-000139,12/4/2025 7:38 AM,12/4/2025 10:06 AM
DEMO-T-000249,DEMO-E-00010,Jillian Pouros,Shift,,12/4/2025 7:25 AM,12/4/2025 3:26 PM
DEMO-T-000250,DEMO-E-00012,Marietta Rath,Shift,,12/4/2025 7:25 AM,12/4/2025 3:05 PM
DEMO-T-000251,DEMO-E-00003,Hollie Will,Shift,,12/4/2025 8:03 AM,12/4/2025 3:47 PM
DEMO-T-000252,DEMO-E-00004,Alize Murazik,Job,DEMO-J-000141,12/5/2025 7:44 AM,12/5/2025 11:15 AM
DEMO-T-000253,DEMO-E-00004,Alize Murazik,Job,DEMO-J-000142,12/5/2025 11:21 AM,12/5/2025 1:14 PM
DEMO-T-000254,DEMO-E-00004,Alize Murazik,Job,DEMO-J-000143,12/5/2025 1:19 PM,12/5/2025 3:27 PM
DEMO-T-000255,DEMO-E-00004,Alize Murazik,Shift,,12/5/2025 7:32 AM,12/5/2025 4:05 PM
DEMO-T-000256,DEMO-E-00005,Henri Schuster,Job,DEMO-J-000144,12/5/2025 7:49 AM,12/5/2025 10:39 AM
DEMO-T-000257,DEMO-E-00005,Henri Schuster,Job,DEMO-J-000145,12/5/2025 10:52 AM,12/5/2025 12:43 PM
DEMO-T-000258,DEMO-E-00005,Henri Schuster,Shift,,12/5/2025 7:27 AM,12/5/2025 3:24 PM
DEMO-T-000259,DEMO-E-00006,Shemar West,Job,DEMO-J-000146,12/5/2025 8:00 AM,12/5/2025 10:35 AM
DEMO-T-000260,DEMO-E-00006,Shemar West,Job,DEMO-J-000147,12/5/2025 10:47 AM,12/5/2025 12:49 PM
DEMO-T-000261,DEMO-E-00006,Shemar West,Shift,,12/5/2025 7:42 AM,12/5/2025 3:26 PM
DEMO-T-000262,DEMO-E-00007,Clint Zieme,Job,DEMO-J-000148,12/5/2025 7:45 AM,12/5/2025 12:07 PM
DEMO-T-000263,DEMO-E-00007,Clint Zieme,Job,DEMO-J-000149,12/5/2025 12:12 PM,12/5/2025 1:54 PM
DEMO-T-000264,DEMO-E-00007,Clint Zieme,Shift,,12/5/2025 7:32 AM,12/5/2025 3:27 PM
DEMO-T-000265,DEMO-E-00009,Lenore Keebler,Job,DEMO-J-000150,12/5/2025 7:55 AM,12/5/2025 12:07 PM
DEMO-T-000266,DEMO-E-00009,Lenore Keebler,Job,DEMO-J-000151,12/5/2025 12:20 PM,12/5/2025 3:53 PM
DEMO-T-000267,DEMO-E-00009,Lenore Keebler,Shift,,12/5/2025 7:42 AM,12/5/2025 4:28 PM
DEMO-T-000268,DEMO-E-00010,Jillian Pouros,Job,DEMO-J-000152,12/5/2025 7:59 AM,12/5/2025 3:29 PM
DEMO-T-000269,DEMO-E-00010,Jillian Pouros,Job,DEMO-J-000153,12/5/2025 3:41 PM,12/5/2025 5:38 PM
DEMO-T-000270,DEMO-E-00010,Jillian Pouros,Shift,,12/5/2025 7:40 AM,12/5/2025 6:25 PM
DEMO-T-000271,DEMO-E-00012,Marietta Rath,Shift,,12/5/2025 7:36 AM,12/5/2025 3:21 PM
DEMO-T-000272,DEMO-E-00003,Hollie Will,Shift,,12/5/2025 7:55 AM,12/5/2025 3:58 PM
DEMO-T-000273,DEMO-E-00006,Shemar West,Job,DEMO-J-000154,12/6/2025 9:59 AM,12/6/2025 12:31 PM
DEMO-T-000274,DEMO-E-00006,Shemar West,Shift,,12/6/2025 9:36 AM,12/6/2025 1:05 PM
DEMO-T-000275,DEMO-E-00011,Alexane Walker,Job,DEMO-J-000155,12/6/2025 9:58 AM,12/6/2025 2:17 PM
DEMO-T-000276,DEMO-E-00011,Alexane Walker,Job,DEMO-J-000156,12/6/2025 2:37 PM,12/6/2025 6:17 PM
DEMO-T-000277,DEMO-E-00011,Alexane Walker,Shift,,12/6/2025 9:48 AM,12/6/2025 6:56 PM
DEMO-T-000278,DEMO-E-00004,Alize Murazik,Job,DEMO-J-000158,12/8/2025 7:48 AM,12/8/2025 9:40 AM
DEMO-T-000279,DEMO-E-00004,Alize Murazik,Job,DEMO-J-000159,12/8/2025 9:53 AM,12/8/2025 12:31 PM
DEMO-T-000280,DEMO-E-00004,Alize Murazik,Shift,,12/8/2025 7:29 AM,12/8/2025 3:05 PM
DEMO-T-000281,DEMO-E-00005,Henri Schuster,Job,DEMO-J-000160,12/8/2025 7:45 AM,12/8/2025 10:11 AM
DEMO-T-000282,DEMO-E-00005,Henri Schuster,Job,DEMO-J-000161,12/8/2025 10:20 AM,12/8/2025 12:51 PM
DEMO-T-000283,DEMO-E-00005,Henri Schuster,Shift,,12/8/2025 7:26 AM,12/8/2025 3:00 PM
DEMO-T-000284,DEMO-E-00006,Shemar West,Job,DEMO-J-000162,12/8/2025 7:49 AM,12/8/2025 9:19 AM
DEMO-T-000285,DEMO-E-00006,Shemar West,Job,DEMO-J-000163,12/8/2025 9:34 AM,12/8/2025 10:54 AM
DEMO-T-000286,DEMO-E-00006,Shemar West,Shift,,12/8/2025 7:33 AM,12/8/2025 3:00 PM
DEMO-T-000287,DEMO-E-00008,Mckenzie Howell,Job,DEMO-J-000164,12/8/2025 8:03 AM,12/8/2025 11:07 AM
DEMO-T-000288,DEMO-E-00008,Mckenzie Howell,Job,DEMO-J-000165,12/8/2025 11:12 AM,12/8/2025 1:46 PM
DEMO-T-000289,DEMO-E-00008,Mckenzie Howell,Shift,,12/8/2025 7:40 AM,12/8/2025 3:21 PM
DEMO-T-000290,DEMO-E-00009,Lenore Keebler,Job,DEMO-J-000166,12/8/2025 7:48 AM,12/8/2025 9:40 AM
DEMO-T-000291,DEMO-E-00009,Lenore Keebler,Job,DEMO-J-000167,12/8/2025 9:54 AM,12/8/2025 11:32 AM
DEMO-T-000292,DEMO-E-00009,Lenore Keebler,Shift,,12/8/2025 7:34 AM,12/8/2025 3:12 PM
DEMO-T-000293,DEMO-E-00010,Jillian Pouros,Job,DEMO-J-000168,12/8/2025 7:44 AM,12/8/2025 10:13 AM
DEMO-T-000294,DEMO-E-00010,Jillian Pouros,Job,DEMO-J-000169,12/8/2025 10:21 AM,12/8/2025 2:16 PM
DEMO-T-000295,DEMO-E-00010,Jillian Pouros,Shift,,12/8/2025 7:31 AM,12/8/2025 3:06 PM
DEMO-T-000296,DEMO-E-00011,Alexane Walker,Job,DEMO-J-000170,12/8/2025 8:00 AM,12/8/2025 10:34 AM
DEMO-T-000297,DEMO-E-00011,Alexane Walker,Job,DEMO-J-000171,12/8/2025 10:48 AM,12/8/2025 12:13 PM
DEMO-T-000298,DEMO-E-00011,Alexane Walker,Shift,,12/8/2025 7:41 AM,12/8/2025 3:18 PM
DEMO-T-000299,DEMO-E-00012,Marietta Rath,Shift,,12/8/2025 7:37 AM,12/8/2025 3:06 PM
DEMO-T-000300,DEMO-E-00013,Denis Jenkins,Shift,,12/8/2025 7:37 AM,12/8/2025 3:22 PM
DEMO-T-000301,DEMO-E-00003,Hollie Will,Shift,,12/8/2025 7:58 AM,12/8/2025 3:55 PM
DEMO-T-000302,DEMO-E-00004,Alize Murazik,Job,DEMO-J-000172,12/9/2025 7:51 AM,12/9/2025 10:55 AM
DEMO-T-000303,DEMO-E-00004,Alize Murazik,Shift,,12/9/2025 7:41 AM,12/9/2025 3:29 PM
DEMO-T-000304,DEMO-E-00005,Henri Schuster,Job,DEMO-J-000173,12/9/2025 7:52 AM,12/9/2025 10:09 AM
DEMO-T-000305,DEMO-E-00005,Henri Schuster,Job,DEMO-J-000174,12/9/2025 10:24 AM,12/9/2025 12:26 PM
DEMO-T-000306,DEMO-E-00005,Henri Schuster,Shift,,12/9/2025 7:40 AM,12/9/2025 3:20 PM
DEMO-T-000307,DEMO-E-00006,Shemar West,Job,DEMO-J-000176,12/9/2025 7:41 AM,12/9/2025 9:24 AM
DEMO-T-000308,DEMO-E-00006,Shemar West,Shift,,12/9/2025 7:26 AM,12/9/2025 3:17 PM
DEMO-T-000309,DEMO-E-00008,Mckenzie Howell,Job,DEMO-J-000177,12/9/2025 7:53 AM,12/9/2025 12:19 PM
DEMO-T-000310,DEMO-E-00008,Mckenzie Howell,Shift,,12/9/2025 7:36 AM,12/9/2025 3:02 PM
DEMO-T-000311,DEMO-E-00009,Lenore Keebler,Job,DEMO-J-000178,12/9/2025 7:46 AM,12/9/2025 9:35 AM
DEMO-T-000312,DEMO-E-00009,Lenore Keebler,Job,DEMO-J-000179,12/9/2025 9:50 AM,12/9/2025 11:21 AM
DEMO-T-000313,DEMO-E-00009,Lenore Keebler,Shift,,12/9/2025 7:35 AM,12/9/2025 3:03 PM
DEMO-T-000314,DEMO-E-00010,Jillian Pouros,Job,DEMO-J-000180,12/9/2025 7:57 AM,12/9/2025 9:36 AM
DEMO-T-000315,DEMO-E-00010,Jillian Pouros,Job,DEMO-J-000181,12/9/2025 9:43 AM,12/9/2025 12:28 PM
DEMO-T-000316,DEMO-E-00010,Jillian Pouros,Job,DEMO-J-000182,12/9/2025 12:39 PM,12/9/2025 5:37 PM
DEMO-T-000317,DEMO-E-00010,Jillian Pouros,Shift,,12/9/2025 7:32 AM,12/9/2025 6:21 PM
DEMO-T-000318,DEMO-E-00011,Alexane Walker,Job,DEMO-J-000184,12/9/2025 9:40 AM,12/9/2025 11:44 AM
DEMO-T-000319,DEMO-E-00011,Alexane Walker,Shift,,12/9/2025 7:23 AM,12/9/2025 3:16 PM
DEMO-T-000320,DEMO-E-00012,Marietta Rath,Shift,,12/9/2025 7:30 AM,12/9/2025 3:08 PM
DEMO-T-000321,DEMO-E-00013,Denis Jenkins,Shift,,12/9/2025 7:30 AM,12/9/2025 3:19 PM
DEMO-T-000322,DEMO-E-00003,Hollie Will,Shift,,12/9/2025 8:04 AM,12/9/2025 3:39 PM
DEMO-T-000323,DEMO-E-00004,Alize Murazik,Job,DEMO-J-000185,12/10/2025 7:57 AM,12/10/2025 10:40 AM
DEMO-T-000324,DEMO-E-00004,Alize Murazik,Job,DEMO-J-000186,12/10/2025 10:53 AM,12/10/2025 12:31 PM
DEMO-T-000325,DEMO-E-00004,Alize Murazik,Shift,,12/10/2025 7:37 AM,12/10/2025 3:14 PM
DEMO-T-000326,DEMO-E-00005,Henri Schuster,Job,DEMO-J-000187,12/10/2025 7:44 AM,12/10/2025 9:23 AM
DEMO-T-000327,DEMO-E-00005,Henri Schuster,Job,DEMO-J-000188,12/10/2025 9:37 AM,12/10/2025 12:54 PM
DEMO-T-000328,DEMO-E-00005,Henri Schuster,Shift,,12/10/2025 7:29 AM,12/10/2025 3:21 PM
DEMO-T-000329,DEMO-E-00006,Shemar West,Job,DEMO-J-000189,12/10/2025 7:36 AM,12/10/2025 9:59 AM
DEMO-T-000330,DEMO-E-00006,Shemar West,Job,DEMO-J-000190,12/10/2025 10:14 AM,12/10/2025 12:10 PM
DEMO-T-000331,DEMO-E-00006,Shemar West,Shift,,12/10/2025 7:23 AM,12/10/2025 3:21 PM
DEMO-T-000332,DEMO-E-00008,Mckenzie Howell,Job,DEMO-J-000191,12/10/2025 7:51 AM,12/10/2025 10:00 AM
DEMO-T-000333,DEMO-E-00008,Mckenzie Howell,Job,DEMO-J-000192,12/10/2025 10:05 AM,12/10/2025 11:52 AM
DEMO-T-000334,DEMO-E-00008,Mckenzie Howell,Shift,,12/10/2025 7:29 AM,12/10/2025 3:19 PM
DEMO-T-000335,DEMO-E-00009,Lenore Keebler,Job,DEMO-J-000193,12/10/2025 7:51 AM,12/10/2025 10:39 AM
DEMO-T-000336,DEMO-E-00009,Lenore Keebler,Job,DEMO-J-000194,12/10/2025 10:46 AM,12/10/2025 1:44 PM
DEMO-T-000337,DEMO-E-00009,Lenore Keebler,Shift,,12/10/2025 7:35 AM,12/10/2025 3:17 PM
DEMO-T-000338,DEMO-E-00010,Jillian Pouros,Job,DEMO-J-000195,12/10/2025 7:59 AM,12/10/2025 11:15 AM
DEMO-T-000339,DEMO-E-00010,Jillian Pouros,Job,DEMO-J-000196,12/10/2025 11:29 AM,12/10/2025 3:40 PM
DEMO-T-000340,DEMO-E-00010,Jillian Pouros,Shift,,12/10/2025 7:39 AM,12/10/2025 4:24 PM
DEMO-T-000341,DEMO-E-00011,Alexane Walker,Job,DEMO-J-000197,12/10/2025 8:00 AM,12/10/2025 9:42 AM
DEMO-T-000342,DEMO-E-00011,Alexane Walker,Job,DEMO-J-000198,12/10/2025 9:54 AM,12/10/2025 2:15 PM
DEMO-T-000343,DEMO-E-00011,Alexane Walker,Shift,,12/10/2025 7:38 AM,12/10/2025 3:11 PM
DEMO-T-000344,DEMO-E-00012,Marietta Rath,Shift,,12/10/2025 7:34 AM,12/10/2025 3:35 PM
DEMO-T-000345,DEMO-E-00013,Denis Jenkins,Shift,,12/10/2025 7:34 AM,12/10/2025 3:18 PM
DEMO-T-000346,DEMO-E-00003,Hollie Will,Shift,,12/10/2025 8:00 AM,12/10/2025 3:35 PM
DEMO-T-000347,DEMO-E-00004,Alize Murazik,Job,DEMO-J-000199,12/11/2025 7:57 AM,12/11/2025 9:47 AM
DEMO-T-000348,DEMO-E-00004,Alize Murazik,Job,DEMO-J-000200,12/11/2025 9:52 AM,12/11/2025 12:54 PM
DEMO-T-000349,DEMO-E-00004,Alize Murazik,Shift,,12/11/2025 7:42 AM,12/11/2025 3:11 PM
DEMO-T-000350,DEMO-E-00005,Henri Schuster,Job,DEMO-J-000201,12/11/2025 7:51 AM,12/11/2025 10:04 AM
DEMO-T-000351,DEMO-E-00005,Henri Schuster,Job,DEMO-J-000202,12/11/2025 10:16 AM,12/11/2025 12:23 PM
DEMO-T-000352,DEMO-E-00005,Henri Schuster,Shift,,12/11/2025 7:37 AM,12/11/2025 3:08 PM
DEMO-T-000353,DEMO-E-00006,Shemar West,Job,DEMO-J-000203,12/11/2025 8:04 AM,12/11/2025 9:43 AM
DEMO-T-000354,DEMO-E-00006,Shemar West,Job,DEMO-J-000205,12/11/2025 9:57 AM,12/11/2025 2:06 PM
DEMO-T-000355,DEMO-E-00006,Shemar West,Shift,,12/11/2025 7:39 AM,12/11/2025 3:25 PM
DEMO-T-000356,DEMO-E-00008,Mckenzie Howell,Job,DEMO-J-000206,12/11/2025 7:53 AM,12/11/2025 10:15 AM
DEMO-T-000357,DEMO-E-00008,Mckenzie Howell,Job,DEMO-J-000207,12/11/2025 10:22 AM,12/11/2025 12:25 PM
DEMO-T-000358,DEMO-E-00008,Mckenzie Howell,Job,DEMO-J-000208,12/11/2025 12:39 PM,12/11/2025 2:27 PM
DEMO-T-000359,DEMO-E-00008,Mckenzie Howell,Shift,,12/11/2025 7:30 AM,12/11/2025 3:04 PM
DEMO-T-000360,DEMO-E-00009,Lenore Keebler,Job,DEMO-J-000209,12/11/2025 7:46 AM,12/11/2025 10:41 AM
DEMO-T-000361,DEMO-E-00009,Lenore Keebler,Shift,,12/11/2025 7:31 AM,12/11/2025 3:20 PM
DEMO-T-000362,DEMO-E-00010,Jillian Pouros,Job,DEMO-J-000210,12/11/2025 7:41 AM,12/11/2025 12:14 PM
DEMO-T-000363,DEMO-E-00010,Jillian Pouros,Job,DEMO-J-000211,12/11/2025 12:27 PM,12/11/2025 3:51 PM
DEMO-T-000364,DEMO-E-00010,Jillian Pouros,Shift,,12/11/2025 7:24 AM,12/11/2025 4:32 PM
DEMO-T-000365,DEMO-E-00011,Alexane Walker,Job,DEMO-J-000212,12/11/2025 7:53 AM,12/11/2025 11:26 AM
DEMO-T-000366,DEMO-E-00011,Alexane Walker,Job,DEMO-J-000213,12/11/2025 11:32 AM,12/11/2025 1:29 PM
DEMO-T-000367,DEMO-E-00011,Alexane Walker,Shift,,12/11/2025 7:35 AM,12/11/2025 3:26 PM
DEMO-T-000368,DEMO-E-00012,Marietta Rath,Shift,,12/11/2025 7:25 AM,12/11/2025 3:27 PM
DEMO-T-000369,DEMO-E-00013,Denis Jenkins,Shift,,12/11/2025 7:25 AM,12/11/2025 3:11 PM
DEMO-T-000370,DEMO-E-00003,Hollie Will,Shift,,12/11/2025 8:05 AM,12/11/2025 3:53 PM
DEMO-T-000371,DEMO-E-00004,Alize Murazik,Job,DEMO-J-000214,12/12/2025 7:59 AM,12/12/2025 10:22 AM
DEMO-T-000372,DEMO-E-00004,Alize Murazik,Shift,,12/12/2025 7:41 AM,12/12/2025 3:05 PM
DEMO-T-000373,DEMO-E-00005,Henri Schuster,Job,DEMO-J-000215,12/12/2025 7:39 AM,12/12/2025 9:21 AM
DEMO-T-000374,DEMO-E-00005,Henri Schuster,Job,DEMO-J-000216,12/12/2025 9:35 AM,12/12/2025 11:10 AM
DEMO-T-000375,DEMO-E-00005,Henri Schuster,Job,DEMO-J-000217,12/12/2025 11:31 AM,12/12/2025 1:08 PM
DEMO-T-000376,DEMO-E-00005,Henri Schuster,Shift,,12/12/2025 7:27 AM,12/12/2025 3:26 PM
DEMO-T-000377,DEMO-E-00006,Shemar West,Job,DEMO-J-000218,12/12/2025 7:57 AM,12/12/2025 9:35 AM
DEMO-T-000378,DEMO-E-00006,Shemar West,Job,DEMO-J-000219,12/12/2025 9:49 AM,12/12/2025 12:08 PM
DEMO-T-000379,DEMO-E-00006,Shemar West,Shift,,12/12/2025 7:38 AM,12/12/2025 3:30 PM
DEMO-T-000380,DEMO-E-00008,Mckenzie Howell,Job,DEMO-J-000220,12/12/2025 7:46 AM,12/12/2025 9:10 AM
DEMO-T-000381,DEMO-E-00008,Mckenzie Howell,Job,DEMO-J-000221,12/12/2025 9:24 AM,12/12/2025 11:42 AM
DEMO-T-000382,DEMO-E-00008,Mckenzie Howell,Job,DEMO-J-000222,12/12/2025 11:57 AM,12/12/2025 3:46 PM
DEMO-T-000383,DEMO-E-00008,Mckenzie Howell,Shift,,12/12/2025 7:29 AM,12/12/2025 4:24 PM
DEMO-T-000384,DEMO-E-00009,Lenore Keebler,Job,DEMO-J-000223,12/12/2025 7:48 AM,12/12/2025 10:28 AM
DEMO-T-000385,DEMO-E-00009,Lenore Keebler,Job,DEMO-J-000224,12/12/2025 10:42 AM,12/12/2025 12:30 PM
DEMO-T-000386,DEMO-E-00009,Lenore Keebler,Shift,,12/12/2025 7:36 AM,12/12/2025 3:08 PM
DEMO-T-000387,DEMO-E-00010,Jillian Pouros,Job,DEMO-J-000225,12/12/2025 7:48 AM,12/12/2025 9:53 AM
DEMO-T-000388,DEMO-E-00010,Jillian Pouros,Job,DEMO-J-000226,12/12/2025 9:59 AM,12/12/2025 12:27 PM
DEMO-T-000389,DEMO-E-00010,Jillian Pouros,Job,DEMO-J-000227,12/12/2025 12:38 PM,12/12/2025 5:08 PM
DEMO-T-000390,DEMO-E-00010,Jillian Pouros,Shift,,12/12/2025 7:28 AM,12/12/2025 5:48 PM
DEMO-T-000391,DEMO-E-00011,Alexane Walker,Job,DEMO-J-000228,12/12/2025 7:52 AM,12/12/2025 10:47 AM
DEMO-T-000392,DEMO-E-00011,Alexane Walker,Job,DEMO-J-000229,12/12/2025 11:01 AM,12/12/2025 1:41 PM
DEMO-T-000393,DEMO-E-00011,Alexane Walker,Job,DEMO-J-000230,12/12/2025 1:48 PM,12/12/2025 4:19 PM
DEMO-T-000394,DEMO-E-00011,Alexane Walker,Shift,,12/12/2025 7:33 AM,12/12/2025 5:03 PM
DEMO-T-000395,DEMO-E-00012,Marietta Rath,Shift,,12/12/2025 7:31 AM,12/12/2025 3:10 PM
DEMO-T-000396,DEMO-E-00013,Denis Jenkins,Shift,,12/12/2025 7:31 AM,12/12/2025 3:31 PM
DEMO-T-000397,DEMO-E-00003,Hollie Will,Shift,,12/12/2025 8:01 AM,12/12/2025 3:48 PM
DEMO-T-000398,DEMO-E-00007,Clint Zieme,Job,DEMO-J-000231,12/13/2025 9:42 AM,12/13/2025 12:11 PM
DEMO-T-000399,DEMO-E-00007,Clint Zieme,Shift,,12/13/2025 9:28 AM,12/13/2025 12:39 PM
DEMO-T-000400,DEMO-E-00009,Lenore Keebler,Job,DEMO-J-000232,12/13/2025 9:54 AM,12/13/2025 12:15 PM
DEMO-T-000401,DEMO-E-00009,Lenore Keebler,Job,DEMO-J-000233,12/13/2025 12:32 PM,12/13/2025 3:20 PM
DEMO-T-000402,DEMO-E-00009,Lenore Keebler,Shift,,12/13/2025 9:31 AM,12/13/2025 3:51 PM
DEMO-T-000403,DEMO-E-00005,Henri Schuster,Job,DEMO-J-000235,12/15/2025 7:36 AM,12/15/2025 10:38 AM
DEMO-T-000404,DEMO-E-00005,Henri Schuster,Job,DEMO-J-000236,12/15/2025 10:50 AM,12/15/2025 1:09 PM
DEMO-T-000405,DEMO-E-00005,Henri Schuster,Shift,,12/15/2025 7:23 AM,12/15/2025 3:29 PM
DEMO-T-000406,DEMO-E-00006,Shemar West,Job,DEMO-J-000237,12/15/2025 7:50 AM,12/15/2025 12:36 PM
DEMO-T-000407,DEMO-E-00006,Shemar West,Job,DEMO-J-000238,12/15/2025 12:49 PM,12/15/2025 3:52 PM
DEMO-T-000408,DEMO-E-00006,Shemar West,Shift,,12/15/2025 7:34 AM,12/15/2025 4:22 PM
DEMO-T-000409,DEMO-E-00007,Clint Zieme,Job,DEMO-J-000239,12/15/2025 8:01 AM,12/15/2025 11:02 AM
DEMO-T-000410,DEMO-E-00007,Clint Zieme,Job,DEMO-J-000240,12/15/2025 11:10 AM,12/15/2025 1:06 PM
DEMO-T-000411,DEMO-E-00007,Clint Zieme,Shift,,12/15/2025 7:42 AM,12/15/2025 3:04 PM
DEMO-T-000412,DEMO-E-00008,Mckenzie Howell,Job,DEMO-J-000241,12/15/2025 8:00 AM,12/15/2025 9:44 AM
DEMO-T-000413,DEMO-E-00008,Mckenzie Howell,Job,DEMO-J-000242,12/15/2025 9:55 AM,12/15/2025 11:30 AM
DEMO-T-000414,DEMO-E-00008,Mckenzie Howell,Shift,,12/15/2025 7:36 AM,12/15/2025 3:14 PM
DEMO-T-000415,DEMO-E-00009,Lenore Keebler,Job,DEMO-J-000243,12/15/2025 8:00 AM,12/15/2025 12:35 PM
DEMO-T-000416,DEMO-E-00009,Lenore Keebler,Job,DEMO-J-000244,12/15/2025 12:48 PM,12/15/2025 5:47 PM
DEMO-T-000417,DEMO-E-00009,Lenore Keebler,Shift,,12/15/2025 7:41 AM,12/15/2025 6:28 PM
DEMO-T-000418,DEMO-E-00010,Jillian Pouros,Job,DEMO-J-000245,12/15/2025 7:43 AM,12/15/2025 10:17 AM
DEMO-T-000419,DEMO-E-00010,Jillian Pouros,Job,DEMO-J-000246,12/15/2025 10:27 AM,12/15/2025 1:26 PM
DEMO-T-000420,DEMO-E-00010,Jillian Pouros,Job,DEMO-J-000247,12/15/2025 1:41 PM,12/15/2025 4:07 PM
DEMO-T-000421,DEMO-E-00010,Jillian Pouros,Shift,,12/15/2025 7:25 AM,12/15/2025 4:54 PM
DEMO-T-000422,DEMO-E-00011,Alexane Walker,Job,DEMO-J-000248,12/15/2025 7:57 AM,12/15/2025 10:18 AM
DEMO-T-000423,DEMO-E-00011,Alexane Walker,Job,DEMO-J-000249,12/15/2025 10:30 AM,12/15/2025 12:33 PM
DEMO-T-000424,DEMO-E-00011,Alexane Walker,Shift,,12/15/2025 7:34 AM,12/15/2025 3:21 PM
DEMO-T-000425,DEMO-E-00003,Hollie Will,Shift,,12/15/2025 8:00 AM,12/15/2025 3:49 PM
DEMO-T-000426,DEMO-E-00005,Henri Schuster,Job,DEMO-J-000250,12/16/2025 7:49 AM,12/16/2025 10:13 AM
DEMO-T-000427,DEMO-E-00005,Henri Schuster,Job,DEMO-J-000251,12/16/2025 10:28 AM,12/16/2025 1:25 PM
DEMO-T-000428,DEMO-E-00005,Henri Schuster,Shift,,12/16/2025 7:39 AM,12/16/2025 3:21 PM
DEMO-T-000429,DEMO-E-00006,Shemar West,Job,DEMO-J-000252,12/16/2025 7:59 AM,12/16/2025 1:12 PM
DEMO-T-000430,DEMO-E-00006,Shemar West,Shift,,12/16/2025 7:35 AM,12/16/2025 3:24 PM
DEMO-T-000431,DEMO-E-00007,Clint Zieme,Job,DEMO-J-000253,12/16/2025 8:01 AM,12/16/2025 9:32 AM
DEMO-T-000432,DEMO-E-00007,Clint Zieme,Job,DEMO-J-000254,12/16/2025 9:47 AM,12/16/2025 12:08 PM
DEMO-T-000433,DEMO-E-00007,Clint Zieme,Shift,,12/16/2025 7:38 AM,12/16/2025 3:18 PM
DEMO-T-000434,DEMO-E-00008,Mckenzie Howell,Job,DEMO-J-000255,12/16/2025 7:43 AM,12/16/2025 9:23 AM
DEMO-T-000435,DEMO-E-00008,Mckenzie Howell,Shift,,12/16/2025 7:33 AM,12/16/2025 3:13 PM
DEMO-T-000436,DEMO-E-00009,Lenore Keebler,Job,DEMO-J-000257,12/16/2025 7:44 AM,12/16/2025 10:00 AM
DEMO-T-000437,DEMO-E-00009,Lenore Keebler,Job,DEMO-J-000258,12/16/2025 10:08 AM,12/16/2025 12:17 PM
DEMO-T-000438,DEMO-E-00009,Lenore Keebler,Shift,,12/16/2025 7:34 AM,12/16/2025 3:29 PM
DEMO-T-000439,DEMO-E-00010,Jillian Pouros,Job,DEMO-J-000259,12/16/2025 7:51 AM,12/16/2025 9:26 AM
DEMO-T-000440,DEMO-E-00010,Jillian Pouros,Job,DEMO-J-000260,12/16/2025 9:39 AM,12/16/2025 11:43 AM
DEMO-T-000441,DEMO-E-00010,Jillian Pouros,Shift,,12/16/2025 7:38 AM,12/16/2025 3:02 PM
DEMO-T-000442,DEMO-E-00011,Alexane Walker,Job,DEMO-J-000261,12/16/2025 7:49 AM,12/16/2025 11:08 AM
DEMO-T-000443,DEMO-E-00011,Alexane Walker,Job,DEMO-J-000262,12/16/2025 11:20 AM,12/16/2025 1:11 PM
DEMO-T-000444,DEMO-E-00011,Alexane Walker,Shift,,12/16/2025 7:38 AM,12/16/2025 3:19 PM
DEMO-T-000445,DEMO-E-00003,Hollie Will,Shift,,12/16/2025 8:02 AM,12/16/2025 3:35 PM
DEMO-T-000446,DEMO-E-00005,Henri Schuster,Job,DEMO-J-000263,12/17/2025 7:45 AM,12/17/2025 9:04 AM
DEMO-T-000447,DEMO-E-00005,Henri Schuster,Shift,,12/17/2025 7:31 AM,12/17/2025 3:27 PM
DEMO-T-000448,DEMO-E-00006,Shemar West,Job,DEMO-J-000264,12/17/2025 7:45 AM,12/17/2025 10:01 AM
DEMO-T-000449,DEMO-E-00006,Shemar West,Job,DEMO-J-000266,12/17/2025 11:37 AM,12/17/2025 3:22 PM
DEMO-T-000450,DEMO-E-00006,Shemar West,Shift,,12/17/2025 7:22 AM,12/17/2025 3:53 PM
DEMO-T-000451,DEMO-E-00007,Clint Zieme,Job,DEMO-J-000267,12/17/2025 7:42 AM,12/17/2025 11:10 AM
DEMO-T-000452,DEMO-E-00007,Clint Zieme,Job,DEMO-J-000268,12/17/2025 11:24 AM,12/17/2025 1:12 PM
DEMO-T-000453,DEMO-E-00007,Clint Zieme,Shift,,12/17/2025 7:29 AM,12/17/2025 3:19 PM
DEMO-T-000454,DEMO-E-00008,Mckenzie Howell,Job,DEMO-J-000269,12/17/2025 7:43 AM,12/17/2025 11:37 AM
DEMO-T-000455,DEMO-E-00008,Mckenzie Howell,Job,DEMO-J-000270,12/17/2025 11:52 AM,12/17/2025 5:01 PM
DEMO-T-000456,DEMO-E-00008,Mckenzie Howell,Shift,,12/17/2025 7:24 AM,12/17/2025 5:43 PM
DEMO-T-000457,DEMO-E-00009,Lenore Keebler,Job,DEMO-J-000271,12/17/2025 8:03 AM,12/17/2025 10:03 AM
DEMO-T-000458,DEMO-E-00009,Lenore Keebler,Job,DEMO-J-000272,12/17/2025 10:10 AM,12/17/2025 2:37 PM
DEMO-T-000459,DEMO-E-00009,Lenore Keebler,Shift,,12/17/2025 7:41 AM,12/17/2025 3:13 PM
DEMO-T-000460,DEMO-E-00010,Jillian Pouros,Job,DEMO-J-000273,12/17/2025 7:50 AM,12/17/2025 12:39 PM
DEMO-T-000461,DEMO-E-00010,Jillian Pouros,Shift,,12/17/2025 7:38 AM,12/17/2025 3:12 PM
DEMO-T-000462,DEMO-E-00011,Alexane Walker,Job,DEMO-J-000274,12/17/2025 7:49 AM,12/17/2025 9:38 AM
DEMO-T-000463,DEMO-E-00011,Alexane Walker,Job,DEMO-J-000275,12/17/2025 9:53 AM,12/17/2025 11:28 AM
DEMO-T-000464,DEMO-E-00011,Alexane Walker,Shift,,12/17/2025 7:38 AM,12/17/2025 3:18 PM
DEMO-T-000465,DEMO-E-00003,Hollie Will,Shift,,12/17/2025 8:02 AM,12/17/2025 3:53 PM
DEMO-T-000466,DEMO-E-00005,Henri Schuster,Job,DEMO-J-000276,12/18/2025 7:43 AM,12/18/2025 9:30 AM
DEMO-T-000467,DEMO-E-00005,Henri Schuster,Job,DEMO-J-000277,12/18/2025 9:40 AM,12/18/2025 3:04 PM
DEMO-T-000468,DEMO-E-00005,Henri Schuster,Shift,,12/18/2025 7:27 AM,12/18/2025 3:32 PM
DEMO-T-000469,DEMO-E-00006,Shemar West,Job,DEMO-J-000278,12/18/2025 7:50 AM,12/18/2025 10:39 AM
DEMO-T-000470,DEMO-E-00006,Shemar West,Shift,,12/18/2025 7:26 AM,12/18/2025 3:00 PM
DEMO-T-000471,DEMO-E-00007,Clint Zieme,Job,DEMO-J-000279,12/18/2025 7:37 AM,12/18/2025 9:37 AM
DEMO-T-000472,DEMO-E-00007,Clint Zieme,Job,DEMO-J-000280,12/18/2025 9:52 AM,12/18/2025 12:00 PM
DEMO-T-000473,DEMO-E-00007,Clint Zieme,Shift,,12/18/2025 7:22 AM,12/18/2025 3:19 PM
DEMO-T-000474,DEMO-E-00008,Mckenzie Howell,Job,DEMO-J-000281,12/18/2025 7:52 AM,12/18/2025 11:08 AM
DEMO-T-000475,DEMO-E-00008,Mckenzie Howell,Job,DEMO-J-000282,12/18/2025 11:22 AM,12/18/2025 1:19 PM
DEMO-T-000476,DEMO-E-00008,Mckenzie Howell,Job,DEMO-J-000283,12/18/2025 1:25 PM,12/18/2025 3:14 PM
DEMO-T-000477,DEMO-E-00008,Mckenzie Howell,Shift,,12/18/2025 7:32 AM,12/18/2025 3:54 PM
DEMO-T-000478,DEMO-E-00009,Lenore Keebler,Job,DEMO-J-000284,12/18/2025 8:02 AM,12/18/2025 10:20 AM
DEMO-T-000479,DEMO-E-00009,Lenore Keebler,Job,DEMO-J-000285,12/18/2025 10:27 AM,12/18/2025 12:48 PM
DEMO-T-000480,DEMO-E-00009,Lenore Keebler,Shift,,12/18/2025 7:42 AM,12/18/2025 3:25 PM
DEMO-T-000481,DEMO-E-00010,Jillian Pouros,Job,DEMO-J-000286,12/18/2025 7:43 AM,12/18/2025 11:09 AM
DEMO-T-000482,DEMO-E-00010,Jillian Pouros,Job,DEMO-J-000287,12/18/2025 11:24 AM,12/18/2025 1:07 PM
DEMO-T-000483,DEMO-E-00010,Jillian Pouros,Job,DEMO-J-000288,12/18/2025 1:16 PM,12/18/2025 3:29 PM
DEMO-T-000484,DEMO-E-00010,Jillian Pouros,Shift,,12/18/2025 7:29 AM,12/18/2025 3:56 PM
DEMO-T-000485,DEMO-E-00011,Alexane Walker,Job,DEMO-J-000289,12/18/2025 7:47 AM,12/18/2025 9:23 AM
DEMO-T-000486,DEMO-E-00011,Alexane Walker,Shift,,12/18/2025 7:31 AM,12/18/2025 3:24 PM
DEMO-T-000487,DEMO-E-00003,Hollie Will,Shift,,12/18/2025 7:58 AM,12/18/2025 3:58 PM
DEMO-T-000488,DEMO-E-00005,Henri Schuster,Job,DEMO-J-000290,12/19/2025 7:43 AM,12/19/2025 10:48 AM
DEMO-T-000489,DEMO-E-00005,Henri Schuster,Job,DEMO-J-000291,12/19/2025 10:54 AM,12/19/2025 1:43 PM
DEMO-T-000490,DEMO-E-00005,Henri Schuster,Shift,,12/19/2025 7:31 AM,12/19/2025 3:27 PM
DEMO-T-000491,DEMO-E-00006,Shemar West,Job,DEMO-J-000292,12/19/2025 7:53 AM,12/19/2025 9:17 AM
DEMO-T-000492,DEMO-E-00006,Shemar West,Shift,,12/19/2025 7:36 AM,12/19/2025 3:30 PM
DEMO-T-000493,DEMO-E-00007,Clint Zieme,Job,DEMO-J-000294,12/19/2025 7:42 AM,12/19/2025 9:24 AM
DEMO-T-000494,DEMO-E-00007,Clint Zieme,Job,DEMO-J-000295,12/19/2025 9:37 AM,12/19/2025 11:28 AM
DEMO-T-000495,DEMO-E-00007,Clint Zieme,Job,DEMO-J-000296,12/19/2025 11:35 AM,12/19/2025 4:57 PM
DEMO-T-000496,DEMO-E-00007,Clint Zieme,Shift,,12/19/2025 7:26 AM,12/19/2025 5:31 PM
DEMO-T-000497,DEMO-E-00008,Mckenzie Howell,Job,DEMO-J-000297,12/19/2025 7:48 AM,12/19/2025 8:54 AM
DEMO-T-000498,DEMO-E-00008,Mckenzie Howell,Shift,,12/19/2025 7:33 AM,12/19/2025 3:04 PM
DEMO-T-000499,DEMO-E-00009,Lenore Keebler,Job,DEMO-J-000299,12/19/2025 7:36 AM,12/19/2025 10:51 AM
DEMO-T-000500,DEMO-E-00009,Lenore Keebler,Job,DEMO-J-000300,12/19/2025 11:01 AM,12/19/2025 1:26 PM
DEMO-T-000501,DEMO-E-00009,Lenore Keebler,Shift,,12/19/2025 7:24 AM,12/19/2025 3:14 PM
DEMO-T-000502,DEMO-E-00010,Jillian Pouros,Job,DEMO-J-000301,12/19/2025 7:54 AM,12/19/2025 10:10 AM
DEMO-T-000503,DEMO-E-00010,Jillian Pouros,Shift,,12/19/2025 7:35 AM,12/19/2025 3:15 PM
DEMO-T-000504,DEMO-E-00011,Alexane Walker,Job,DEMO-J-000302,12/19/2025 7:47 AM,12/19/2025 10:28 AM
DEMO-T-000505,DEMO-E-00011,Alexane Walker,Job,DEMO-J-000303,12/19/2025 10:39 AM,12/19/2025 12:25 PM
DEMO-T-000506,DEMO-E-00011,Alexane Walker,Shift,,12/19/2025 7:29 AM,12/19/2025 3:25 PM
DEMO-T-000507,DEMO-E-00003,Hollie Will,Shift,,12/19/2025 8:04 AM,12/19/2025 3:49 PM
DEMO-T-000508,DEMO-E-00008,Mckenzie Howell,Job,DEMO-J-000304,12/20/2025 9:58 AM,12/20/2025 11:28 AM
DEMO-T-000509,DEMO-E-00008,Mckenzie Howell,Job,DEMO-J-000305,12/20/2025 11:48 AM,12/20/2025 1:34 PM
DEMO-T-000510,DEMO-E-00008,Mckenzie Howell,Shift,,12/20/2025 9:43 AM,12/20/2025 2:22 PM
DEMO-T-000511,DEMO-E-00010,Jillian Pouros,Job,DEMO-J-000306,12/20/2025 9:55 AM,12/20/2025 1:31 PM
DEMO-T-000512,DEMO-E-00010,Jillian Pouros,Job,DEMO-J-000307,12/20/2025 1:40 PM,12/20/2025 4:09 PM
DEMO-T-000513,DEMO-E-00010,Jillian Pouros,Shift,,12/20/2025 9:41 AM,12/20/2025 4:32 PM
DEMO-T-000514,DEMO-E-00005,Henri Schuster,Job,DEMO-J-000308,12/22/2025 7:57 AM,12/22/2025 1:41 PM
DEMO-T-000515,DEMO-E-00005,Henri Schuster,Shift,,12/22/2025 7:40 AM,12/22/2025 3:12 PM
DEMO-T-000516,DEMO-E-00006,Shemar West,Job,DEMO-J-000309,12/22/2025 7:46 AM,12/22/2025 11:15 AM
DEMO-T-000517,DEMO-E-00006,Shemar West,Job,DEMO-J-000310,12/22/2025 11:21 AM,12/22/2025 2:20 PM
DEMO-T-000518,DEMO-E-00006,Shemar West,Job,DEMO-J-000311,12/22/2025 2:32 PM,12/22/2025 4:25 PM
DEMO-T-000519,DEMO-E-00006,Shemar West,Shift,,12/22/2025 7:26 AM,12/22/2025 5:01 PM
DEMO-T-000520,DEMO-E-00007,Clint Zieme,Job,DEMO-J-000312,12/22/2025 7:36 AM,12/22/2025 9:16 AM
DEMO-T-000521,DEMO-E-00007,Clint Zieme,Job,DEMO-J-000313,12/22/2025 9:40 AM,12/22/2025 11:31 AM
DEMO-T-000522,DEMO-E-00007,Clint Zieme,Job,DEMO-J-000314,12/22/2025 11:42 AM,12/22/2025 3:48 PM
DEMO-T-000523,DEMO-E-00007,Clint Zieme,Shift,,12/22/2025 7:22 AM,12/22/2025 4:14 PM
DEMO-T-000524,DEMO-E-00008,Mckenzie Howell,Job,DEMO-J-000315,12/22/2025 7:56 AM,12/22/2025 10:45 AM
DEMO-T-000525,DEMO-E-00008,Mckenzie Howell,Job,DEMO-J-000316,12/22/2025 10:59 AM,12/22/2025 3:09 PM
DEMO-T-000526,DEMO-E-00008,Mckenzie Howell,Shift,,12/22/2025 7:35 AM,12/22/2025 3:38 PM
DEMO-T-000527,DEMO-E-00009,Lenore Keebler,Job,DEMO-J-000317,12/22/2025 7:50 AM,12/22/2025 10:16 AM
DEMO-T-000528,DEMO-E-00009,Lenore Keebler,Job,DEMO-J-000318,12/22/2025 10:21 AM,12/22/2025 12:11 PM
DEMO-T-000529,DEMO-E-00009,Lenore Keebler,Shift,,12/22/2025 7:40 AM,12/22/2025 3:10 PM
DEMO-T-000530,DEMO-E-00010,Jillian Pouros,Job,DEMO-J-000319,12/22/2025 7:53 AM,12/22/2025 11:37 AM
DEMO-T-000531,DEMO-E-00010,Jillian Pouros,Job,DEMO-J-000320,12/22/2025 11:50 AM,12/22/2025 2:29 PM
DEMO-T-000532,DEMO-E-00010,Jillian Pouros,Shift,,12/22/2025 7:42 AM,12/22/2025 3:26 PM
DEMO-T-000533,DEMO-E-00011,Alexane Walker,Job,DEMO-J-000321,12/22/2025 7:52 AM,12/22/2025 9:11 AM
DEMO-T-000534,DEMO-E-00011,Alexane Walker,Shift,,12/22/2025 7:29 AM,12/22/2025 3:13 PM
DEMO-T-000535,DEMO-E-00012,Marietta Rath,Job,DEMO-J-000204,12/22/2025 7:51 AM,12/22/2025 2:47 PM
DEMO-T-000536,DEMO-E-00012,Marietta Rath,Shift,,12/22/2025 7:28 AM,12/22/2025 3:11 PM
DEMO-T-000537,DEMO-E-00013,Denis Jenkins,Job,DEMO-J-000204,12/22/2025 7:51 AM,12/22/2025 2:47 PM
DEMO-T-000538,DEMO-E-00013,Denis Jenkins,Shift,,12/22/2025 7:28 AM,12/22/2025 3:10 PM
DEMO-T-000539,DEMO-E-00003,Hollie Will,Shift,,12/22/2025 7:56 AM,12/22/2025 3:47 PM
DEMO-T-000540,DEMO-E-00005,Henri Schuster,Job,DEMO-J-000322,12/23/2025 7:57 AM,12/23/2025 10:07 AM
DEMO-T-000541,DEMO-E-00005,Henri Schuster,Job,DEMO-J-000323,12/23/2025 10:21 AM,12/23/2025 12:50 PM
DEMO-T-000542,DEMO-E-00005,Henri Schuster,Job,DEMO-J-000324,12/23/2025 1:04 PM,12/23/2025 5:28 PM
DEMO-T-000543,DEMO-E-00005,Henri Schuster,Shift,,12/23/2025 7:39 AM,12/23/2025 6:05 PM
DEMO-T-000544,DEMO-E-00006,Shemar West,Job,DEMO-J-000325,12/23/2025 7:39 AM,12/23/2025 9:06 AM
DEMO-T-000545,DEMO-E-00006,Shemar West,Job,DEMO-J-000326,12/23/2025 9:32 AM,12/23/2025 11:26 AM
DEMO-T-000546,DEMO-E-00006,Shemar West,Shift,,12/23/2025 7:26 AM,12/23/2025 3:09 PM
DEMO-T-000547,DEMO-E-00007,Clint Zieme,Job,DEMO-J-000327,12/23/2025 7:48 AM,12/23/2025 11:10 AM
DEMO-T-000548,DEMO-E-00007,Clint Zieme,Job,DEMO-J-000328,12/23/2025 11:16 AM,12/23/2025 2:32 PM
DEMO-T-000549,DEMO-E-00007,Clint Zieme,Job,DEMO-J-000329,12/23/2025 2:42 PM,12/23/2025 5:48 PM
DEMO-T-000550,DEMO-E-00007,Clint Zieme,Shift,,12/23/2025 7:31 AM,12/23/2025 6:15 PM
DEMO-T-000551,DEMO-E-00008,Mckenzie Howell,Job,DEMO-J-000330,12/23/2025 7:49 AM,12/23/2025 12:22 PM
DEMO-T-000552,DEMO-E-00008,Mckenzie Howell,Job,DEMO-J-000331,12/23/2025 12:37 PM,12/23/2025 3:13 PM
DEMO-T-000553,DEMO-E-00008,Mckenzie Howell,Shift,,12/23/2025 7:29 AM,12/23/2025 3:45 PM
DEMO-T-000554,DEMO-E-00009,Lenore Keebler,Job,DEMO-J-000332,12/23/2025 7:50 AM,12/23/2025 9:31 AM
DEMO-T-000555,DEMO-E-00009,Lenore Keebler,Job,DEMO-J-000333,12/23/2025 9:39 AM,12/23/2025 12:19 PM
DEMO-T-000556,DEMO-E-00009,Lenore Keebler,Shift,,12/23/2025 7:35 AM,12/23/2025 3:25 PM
DEMO-T-000557,DEMO-E-00010,Jillian Pouros,Job,DEMO-J-000334,12/23/2025 7:42 AM,12/23/2025 10:02 AM
DEMO-T-000558,DEMO-E-00010,Jillian Pouros,Job,DEMO-J-000335,12/23/2025 10:15 AM,12/23/2025 1:10 PM
DEMO-T-000559,DEMO-E-00010,Jillian Pouros,Job,DEMO-J-000336,12/23/2025 1:19 PM,12/23/2025 4:13 PM
DEMO-T-000560,DEMO-E-00010,Jillian Pouros,Shift,,12/23/2025 7:28 AM,12/23/2025 4:56 PM
DEMO-T-000561,DEMO-E-00011,Alexane Walker,Job,DEMO-J-000337,12/23/2025 7:55 AM,12/23/2025 10:29 AM
DEMO-T-000562,DEMO-E-00011,Alexane Walker,Job,DEMO-J-000338,12/23/2025 10:40 AM,12/23/2025 12:32 PM
DEMO-T-000563,DEMO-E-00011,Alexane Walker,Job,DEMO-J-000339,12/23/2025 12:42 PM,12/23/2025 2:58 PM
DEMO-T-000564,DEMO-E-00011,Alexane Walker,Shift,,12/23/2025 7:34 AM,12/23/2025 3:31 PM
DEMO-T-000565,DEMO-E-00012,Marietta Rath,Job,DEMO-J-000140,12/23/2025 7:46 AM,12/23/2025 2:48 PM
DEMO-T-000566,DEMO-E-00012,Marietta Rath,Shift,,12/23/2025 7:29 AM,12/23/2025 3:09 PM
DEMO-T-000567,DEMO-E-00013,Denis Jenkins,Job,DEMO-J-000140,12/23/2025 7:46 AM,12/23/2025 2:48 PM
DEMO-T-000568,DEMO-E-00013,Denis Jenkins,Shift,,12/23/2025 7:29 AM,12/23/2025 3:16 PM
DEMO-T-000569,DEMO-E-00003,Hollie Will,Shift,,12/23/2025 7:55 AM,12/23/2025 3:47 PM
DEMO-T-000570,DEMO-E-00011,Alexane Walker,Job,DEMO-J-000340,12/27/2025 9:35 AM,12/27/2025 2:10 PM
DEMO-T-000571,DEMO-E-00011,Alexane Walker,Shift,,12/27/2025 9:19 AM,12/27/2025 2:48 PM
DEMO-T-000572,DEMO-E-00004,Alize Murazik,Job,DEMO-J-000341,12/29/2025 7:43 AM,12/29/2025 12:53 PM
DEMO-T-000573,DEMO-E-00004,Alize Murazik,Job,DEMO-J-000342,12/29/2025 1:00 PM,12/29/2025 3:49 PM
DEMO-T-000574,DEMO-E-00004,Alize Murazik,Shift,,12/29/2025 7:24 AM,12/29/2025 4:26 PM
DEMO-T-000575,DEMO-E-00007,Clint Zieme,Job,DEMO-J-000343,12/29/2025 7:51 AM,12/29/2025 11:37 AM
DEMO-T-000576,DEMO-E-00007,Clint Zieme,Job,DEMO-J-000344,12/29/2025 11:44 AM,12/29/2025 2:31 PM
DEMO-T-000577,DEMO-E-00007,Clint Zieme,Shift,,12/29/2025 7:37 AM,12/29/2025 3:08 PM
DEMO-T-000578,DEMO-E-00008,Mckenzie Howell,Job,DEMO-J-000345,12/29/2025 7:54 AM,12/29/2025 9:35 AM
DEMO-T-000579,DEMO-E-00008,Mckenzie Howell,Job,DEMO-J-000346,12/29/2025 9:49 AM,12/29/2025 11:33 AM
DEMO-T-000580,DEMO-E-00008,Mckenzie Howell,Job,DEMO-J-000347,12/29/2025 11:38 AM,12/29/2025 1:20 PM
DEMO-T-000581,DEMO-E-00008,Mckenzie Howell,Shift,,12/29/2025 7:42 AM,12/29/2025 3:12 PM
DEMO-T-000582,DEMO-E-00010,Jillian Pouros,Job,DEMO-J-000349,12/29/2025 7:46 AM,12/29/2025 11:22 AM
DEMO-T-000583,DEMO-E-00010,Jillian Pouros,Job,DEMO-J-000350,12/29/2025 11:33 AM,12/29/2025 2:05 PM
DEMO-T-000584,DEMO-E-00010,Jillian Pouros,Shift,,12/29/2025 7:30 AM,12/29/2025 3:23 PM
DEMO-T-000585,DEMO-E-00011,Alexane Walker,Job,DEMO-J-000351,12/29/2025 7:51 AM,12/29/2025 9:08 AM
DEMO-T-000586,DEMO-E-00011,Alexane Walker,Shift,,12/29/2025 7:33 AM,12/29/2025 3:01 PM
DEMO-T-000587,DEMO-E-00013,Denis Jenkins,Job,DEMO-J-000140,12/29/2025 8:05 AM,12/29/2025 2:54 PM
DEMO-T-000588,DEMO-E-00013,Denis Jenkins,Shift,,12/29/2025 7:40 AM,12/29/2025 3:17 PM
DEMO-T-000589,DEMO-E-00003,Hollie Will,Shift,,12/29/2025 8:04 AM,12/29/2025 3:43 PM
DEMO-T-000590,DEMO-E-00004,Alize Murazik,Job,DEMO-J-000352,12/30/2025 7:47 AM,12/30/2025 11:18 AM
DEMO-T-000591,DEMO-E-00004,Alize Murazik,Job,DEMO-J-000353,12/30/2025 11:31 AM,12/30/2025 3:55 PM
DEMO-T-000592,DEMO-E-00004,Alize Murazik,Shift,,12/30/2025 7:31 AM,12/30/2025 4:29 PM
DEMO-T-000593,DEMO-E-00007,Clint Zieme,Job,DEMO-J-000354,12/30/2025 7:39 AM,12/30/2025 11:36 AM
DEMO-T-000594,DEMO-E-00007,Clint Zieme,Job,DEMO-J-000355,12/30/2025 11:49 AM,12/30/2025 3:58 PM
DEMO-T-000595,DEMO-E-00007,Clint Zieme,Shift,,12/30/2025 7:28 AM,12/30/2025 4:36 PM
DEMO-T-000596,DEMO-E-00008,Mckenzie Howell,Job,DEMO-J-000356,12/30/2025 7:48 AM,12/30/2025 10:49 AM
DEMO-T-000597,DEMO-E-00008,Mckenzie Howell,Job,DEMO-J-000357,12/30/2025 11:00 AM,12/30/2025 3:06 PM
DEMO-T-000598,DEMO-E-00008,Mckenzie Howell,Shift,,12/30/2025 7:24 AM,12/30/2025 3:40 PM
DEMO-T-000599,DEMO-E-00010,Jillian Pouros,Job,DEMO-J-000358,12/30/2025 7:52 AM,12/30/2025 9:50 AM
DEMO-T-000600,DEMO-E-00010,Jillian Pouros,Job,DEMO-J-000359,12/30/2025 10:02 AM,12/30/2025 1:37 PM
DEMO-T-000601,DEMO-E-00010,Jillian Pouros,Shift,,12/30/2025 7:28 AM,12/30/2025 3:11 PM
DEMO-T-000602,DEMO-E-00011,Alexane Walker,Job,DEMO-J-000360,12/30/2025 7:53 AM,12/30/2025 9:18 AM
DEMO-T-000603,DEMO-E-00011,Alexane Walker,Job,DEMO-J-000361,12/30/2025 9:28 AM,12/30/2025 11:28 AM
DEMO-T-000604,DEMO-E-00011,Alexane Walker,Shift,,12/30/2025 7:42 AM,12/30/2025 3:21 PM
DEMO-T-000605,DEMO-E-00013,Denis Jenkins,Job,DEMO-J-000175,12/30/2025 7:54 AM,12/30/2025 3:28 PM
DEMO-T-000606,DEMO-E-00013,Denis Jenkins,Shift,,12/30/2025 7:26 AM,12/30/2025 3:58 PM
DEMO-T-000607,DEMO-E-00003,Hollie Will,Shift,,12/30/2025 8:01 AM,12/30/2025 3:42 PM
DEMO-T-000608,DEMO-E-00004,Alize Murazik,Job,DEMO-J-000362,12/31/2025 8:05 AM,12/31/2025 9:46 AM
DEMO-T-000609,DEMO-E-00004,Alize Murazik,Job,DEMO-J-000363,12/31/2025 9:54 AM,12/31/2025 12:10 PM
DEMO-T-000610,DEMO-E-00004,Alize Murazik,Shift,,12/31/2025 7:40 AM,12/31/2025 3:25 PM
DEMO-T-000611,DEMO-E-00007,Clint Zieme,Job,DEMO-J-000364,12/31/2025 7:41 AM,12/31/2025 11:17 AM
DEMO-T-000612,DEMO-E-00007,Clint Zieme,Job,DEMO-J-000365,12/31/2025 11:24 AM,12/31/2025 12:51 PM
DEMO-T-000613,DEMO-E-00007,Clint Zieme,Shift,,12/31/2025 7:22 AM,12/31/2025 3:29 PM
DEMO-T-000614,DEMO-E-00008,Mckenzie Howell,Job,DEMO-J-000367,12/31/2025 7:51 AM,12/31/2025 11:02 AM
DEMO-T-000615,DEMO-E-00008,Mckenzie Howell,Job,DEMO-J-000368,12/31/2025 11:17 AM,12/31/2025 1:42 PM
DEMO-T-000616,DEMO-E-00008,Mckenzie Howell,Job,DEMO-J-000369,12/31/2025 1:49 PM,12/31/2025 5:37 PM
DEMO-T-000617,DEMO-E-00008,Mckenzie Howell,Shift,,12/31/2025 7:35 AM,12/31/2025 6:14 PM
DEMO-T-000618,DEMO-E-00010,Jillian Pouros,Job,DEMO-J-000370,12/31/2025 7:56 AM,12/31/2025 11:16 AM
DEMO-T-000619,DEMO-E-00010,Jillian Pouros,Shift,,12/31/2025 7:42 AM,12/31/2025 3:21 PM
DEMO-T-000620,DEMO-E-00011,Alexane Walker,Job,DEMO-J-000371,12/31/2025 7:58 AM,12/31/2025 10:19 AM
DEMO-T-000621,DEMO-E-00011,Alexane Walker,Job,DEMO-J-000372,12/31/2025 10:28 AM,12/31/2025 12:18 PM
DEMO-T-000622,DEMO-E-00011,Alexane Walker,Shift,,12/31/2025 7:34 AM,12/31/2025 3:06 PM
DEMO-T-000623,DEMO-E-00013,Denis Jenkins,Job,DEMO-J-000157,12/31/2025 8:06 AM,12/31/2025 3:44 PM
DEMO-T-000624,DEMO-E-00013,Denis Jenkins,Shift,,12/31/2025 7:36 AM,12/31/2025 4:12 PM
DEMO-T-000625,DEMO-E-00003,Hollie Will,Shift,,12/31/2025 8:04 AM,12/31/2025 3:49 PM
DEMO-T-000626,DEMO-E-00004,Alize Murazik,Job,DEMO-J-000373,1/2/2026 7:51 AM,1/2/2026 9:25 AM
DEMO-T-000627,DEMO-E-00008,Mckenzie Howell,Job,DEMO-J-000373,1/2/2026 7:51 AM,1/2/2026 9:25 AM
DEMO-T-000628,DEMO-E-00004,Alize Murazik,Shift,,1/2/2026 7:39 AM,1/2/2026 3:29 PM
DEMO-T-000629,DEMO-E-00008,Mckenzie Howell,Shift,,1/2/2026 7:39 AM,1/2/2026 3:29 PM
DEMO-T-000630,DEMO-E-00007,Clint Zieme,Job,DEMO-J-000374,1/2/2026 8:01 AM,1/2/2026 9:59 AM
DEMO-T-000631,DEMO-E-00007,Clint Zieme,Job,DEMO-J-000375,1/2/2026 10:07 AM,1/2/2026 12:27 PM
DEMO-T-000632,DEMO-E-00007,Clint Zieme,Shift,,1/2/2026 7:41 AM,1/2/2026 3:26 PM
DEMO-T-000633,DEMO-E-00010,Jillian Pouros,Job,DEMO-J-000376,1/2/2026 7:42 AM,1/2/2026 12:00 PM
DEMO-T-000634,DEMO-E-00010,Jillian Pouros,Job,DEMO-J-000377,1/2/2026 12:09 PM,1/2/2026 2:44 PM
DEMO-T-000635,DEMO-E-00010,Jillian Pouros,Job,DEMO-J-000378,1/2/2026 2:50 PM,1/2/2026 4:29 PM
DEMO-T-000636,DEMO-E-00010,Jillian Pouros,Shift,,1/2/2026 7:25 AM,1/2/2026 5:10 PM
DEMO-T-000637,DEMO-E-00011,Alexane Walker,Job,DEMO-J-000379,1/2/2026 8:00 AM,1/2/2026 10:20 AM
DEMO-T-000638,DEMO-E-00011,Alexane Walker,Job,DEMO-J-000380,1/2/2026 10:32 AM,1/2/2026 1:04 PM
DEMO-T-000639,DEMO-E-00011,Alexane Walker,Job,DEMO-J-000381,1/2/2026 1:15 PM,1/2/2026 3:19 PM
DEMO-T-000640,DEMO-E-00011,Alexane Walker,Shift,,1/2/2026 7:42 AM,1/2/2026 3:48 PM
DEMO-T-000641,DEMO-E-00013,Denis Jenkins,Job,DEMO-J-000157,1/2/2026 8:03 AM,1/2/2026 3:31 PM
DEMO-T-000642,DEMO-E-00013,Denis Jenkins,Shift,,1/2/2026 7:33 AM,1/2/2026 3:46 PM
DEMO-T-000643,DEMO-E-00003,Hollie Will,Shift,,1/2/2026 8:00 AM,1/2/2026 3:46 PM
DEMO-T-000644,DEMO-E-00009,Lenore Keebler,Job,DEMO-J-000383,1/3/2026 9:51 AM,1/3/2026 11:55 AM
DEMO-T-000645,DEMO-E-00009,Lenore Keebler,Shift,,1/3/2026 9:36 AM,1/3/2026 12:26 PM
DEMO-T-000646,DEMO-E-00004,Alize Murazik,Job,DEMO-J-000384,1/5/2026 7:47 AM,1/5/2026 10:24 AM
DEMO-T-000647,DEMO-E-00004,Alize Murazik,Job,DEMO-J-000385,1/5/2026 10:36 AM,1/5/2026 12:26 PM
DEMO-T-000648,DEMO-E-00004,Alize Murazik,Job,DEMO-J-000387,1/5/2026 12:32 PM,1/5/2026 3:30 PM
DEMO-T-000649,DEMO-E-00004,Alize Murazik,Shift,,1/5/2026 7:27 AM,1/5/2026 3:56 PM
DEMO-T-000650,DEMO-E-00006,Shemar West,Job,DEMO-J-000388,1/5/2026 7:53 AM,1/5/2026 10:16 AM
DEMO-T-000651,DEMO-E-00006,Shemar West,Job,DEMO-J-000389,1/5/2026 10:31 AM,1/5/2026 12:20 PM
DEMO-T-000652,DEMO-E-00006,Shemar West,Shift,,1/5/2026 7:32 AM,1/5/2026 3:24 PM
DEMO-T-000653,DEMO-E-00009,Lenore Keebler,Job,DEMO-J-000390,1/5/2026 7:47 AM,1/5/2026 9:47 AM
DEMO-T-000654,DEMO-E-00009,Lenore Keebler,Job,DEMO-J-000391,1/5/2026 9:55 AM,1/5/2026 12:51 PM
DEMO-T-000655,DEMO-E-00009,Lenore Keebler,Job,DEMO-J-000392,1/5/2026 1:04 PM,1/5/2026 6:07 PM
DEMO-T-000656,DEMO-E-00009,Lenore Keebler,Shift,,1/5/2026 7:29 AM,1/5/2026 6:34 PM
DEMO-T-000657,DEMO-E-00011,Alexane Walker,Job,DEMO-J-000393,1/5/2026 7:48 AM,1/5/2026 10:24 AM
DEMO-T-000658,DEMO-E-00011,Alexane Walker,Job,DEMO-J-000394,1/5/2026 10:35 AM,1/5/2026 1:08 PM
DEMO-T-000659,DEMO-E-00011,Alexane Walker,Shift,,1/5/2026 7:38 AM,1/5/2026 3:29 PM
DEMO-T-000660,DEMO-E-00012,Marietta Rath,Job,DEMO-J-000234,1/5/2026 7:58 AM,1/5/2026 3:11 PM
DEMO-T-000661,DEMO-E-00012,Marietta Rath,Shift,,1/5/2026 7:35 AM,1/5/2026 3:26 PM
DEMO-T-000662,DEMO-E-00013,Denis Jenkins,Job,DEMO-J-000234,1/5/2026 7:58 AM,1/5/2026 3:11 PM
DEMO-T-000663,DEMO-E-00013,Denis Jenkins,Shift,,1/5/2026 7:35 AM,1/5/2026 3:30 PM
DEMO-T-000664,DEMO-E-00003,Hollie Will,Shift,,1/5/2026 8:00 AM,1/5/2026 3:36 PM
DEMO-T-000665,DEMO-E-00004,Alize Murazik,Job,DEMO-J-000395,1/6/2026 8:03 AM,1/6/2026 10:19 AM
DEMO-T-000666,DEMO-E-00004,Alize Murazik,Job,DEMO-J-000396,1/6/2026 10:28 AM,1/6/2026 12:07 PM
DEMO-T-000667,DEMO-E-00004,Alize Murazik,Shift,,1/6/2026 7:42 AM,1/6/2026 3:19 PM
DEMO-T-000668,DEMO-E-00006,Shemar West,Job,DEMO-J-000397,1/6/2026 7:41 AM,1/6/2026 9:56 AM
DEMO-T-000669,DEMO-E-00006,Shemar West,Job,DEMO-J-000398,1/6/2026 10:02 AM,1/6/2026 11:38 AM
DEMO-T-000670,DEMO-E-00006,Shemar West,Shift,,1/6/2026 7:25 AM,1/6/2026 3:12 PM
DEMO-T-000671,DEMO-E-00009,Lenore Keebler,Job,DEMO-J-000399,1/6/2026 7:56 AM,1/6/2026 1:10 PM
DEMO-T-000672,DEMO-E-00009,Lenore Keebler,Job,DEMO-J-000400,1/6/2026 1:21 PM,1/6/2026 4:06 PM
DEMO-T-000673,DEMO-E-00009,Lenore Keebler,Shift,,1/6/2026 7:34 AM,1/6/2026 4:36 PM
DEMO-T-000674,DEMO-E-00011,Alexane Walker,Job,DEMO-J-000401,1/6/2026 7:39 AM,1/6/2026 10:15 AM
DEMO-T-000675,DEMO-E-00011,Alexane Walker,Job,DEMO-J-000402,1/6/2026 10:24 AM,1/6/2026 12:37 PM
DEMO-T-000676,DEMO-E-00011,Alexane Walker,Shift,,1/6/2026 7:28 AM,1/6/2026 3:11 PM
DEMO-T-000677,DEMO-E-00012,Marietta Rath,Job,DEMO-J-000234,1/6/2026 7:50 AM,1/6/2026 3:32 PM
DEMO-T-000678,DEMO-E-00012,Marietta Rath,Shift,,1/6/2026 7:34 AM,1/6/2026 3:47 PM
DEMO-T-000679,DEMO-E-00013,Denis Jenkins,Job,DEMO-J-000234,1/6/2026 7:50 AM,1/6/2026 3:32 PM
DEMO-T-000680,DEMO-E-00013,Denis Jenkins,Shift,,1/6/2026 7:34 AM,1/6/2026 3:54 PM
DEMO-T-000681,DEMO-E-00003,Hollie Will,Shift,,1/6/2026 8:03 AM,1/6/2026 3:39 PM
DEMO-T-000682,DEMO-E-00004,Alize Murazik,Job,DEMO-J-000403,1/7/2026 7:43 AM,1/7/2026 9:52 AM
DEMO-T-000683,DEMO-E-00004,Alize Murazik,Job,DEMO-J-000404,1/7/2026 10:07 AM,1/7/2026 12:18 PM
DEMO-T-000684,DEMO-E-00004,Alize Murazik,Shift,,1/7/2026 7:29 AM,1/7/2026 3:17 PM
DEMO-T-000685,DEMO-E-00006,Shemar West,Job,DEMO-J-000405,1/7/2026 8:01 AM,1/7/2026 9:48 AM
DEMO-T-000686,DEMO-E-00006,Shemar West,Job,DEMO-J-000406,1/7/2026 9:59 AM,1/7/2026 12:07 PM
DEMO-T-000687,DEMO-E-00006,Shemar West,Shift,,1/7/2026 7:41 AM,1/7/2026 3:11 PM
DEMO-T-000688,DEMO-E-00009,Lenore Keebler,Job,DEMO-J-000407,1/7/2026 7:45 AM,1/7/2026 10:40 AM
DEMO-T-000689,DEMO-E-00009,Lenore Keebler,Job,DEMO-J-000408,1/7/2026 10:49 AM,1/7/2026 1:28 PM
DEMO-T-000690,DEMO-E-00009,Lenore Keebler,Job,DEMO-J-000409,1/7/2026 1:39 PM,1/7/2026 4:10 PM
DEMO-T-000691,DEMO-E-00009,Lenore Keebler,Shift,,1/7/2026 7:29 AM,1/7/2026 4:34 PM
DEMO-T-000692,DEMO-E-00011,Alexane Walker,Job,DEMO-J-000410,1/7/2026 7:36 AM,1/7/2026 12:52 PM
DEMO-T-000693,DEMO-E-00011,Alexane Walker,Job,DEMO-J-000411,1/7/2026 1:00 PM,1/7/2026 3:28 PM
DEMO-T-000694,DEMO-E-00011,Alexane Walker,Shift,,1/7/2026 7:22 AM,1/7/2026 4:13 PM
DEMO-T-000695,DEMO-E-00012,Marietta Rath,Job,DEMO-J-000293,1/7/2026 7:59 AM,1/7/2026 2:47 PM
DEMO-T-000696,DEMO-E-00012,Marietta Rath,Shift,,1/7/2026 7:33 AM,1/7/2026 3:02 PM
DEMO-T-000697,DEMO-E-00013,Denis Jenkins,Job,DEMO-J-000293,1/7/2026 7:59 AM,1/7/2026 2:47 PM
DEMO-T-000698,DEMO-E-00013,Denis Jenkins,Shift,,1/7/2026 7:33 AM,1/7/2026 3:17 PM
DEMO-T-000699,DEMO-E-00003,Hollie Will,Shift,,1/7/2026 8:01 AM,1/7/2026 3:40 PM
DEMO-T-000700,DEMO-E-00004,Alize Murazik,Job,DEMO-J-000412,1/8/2026 8:05 AM,1/8/2026 10:23 AM
DEMO-T-000701,DEMO-E-00004,Alize Murazik,Shift,,1/8/2026 7:40 AM,1/8/2026 3:23 PM
DEMO-T-000702,DEMO-E-00006,Shemar West,Job,DEMO-J-000414,1/8/2026 7:45 AM,1/8/2026 9:33 AM
DEMO-T-000703,DEMO-E-00006,Shemar West,Job,DEMO-J-000415,1/8/2026 9:40 AM,1/8/2026 11:33 AM
DEMO-T-000704,DEMO-E-00006,Shemar West,Job,DEMO-J-000417,1/8/2026 11:46 AM,1/8/2026 1:37 PM
DEMO-T-000705,DEMO-E-00006,Shemar West,Shift,,1/8/2026 7:34 AM,1/8/2026 3:07 PM
DEMO-T-000706,DEMO-E-00009,Lenore Keebler,Job,DEMO-J-000418,1/8/2026 7:45 AM,1/8/2026 9:54 AM
DEMO-T-000707,DEMO-E-00009,Lenore Keebler,Job,DEMO-J-000419,1/8/2026 10:06 AM,1/8/2026 2:12 PM
DEMO-T-000708,DEMO-E-00009,Lenore Keebler,Shift,,1/8/2026 7:31 AM,1/8/2026 3:12 PM
DEMO-T-000709,DEMO-E-00011,Alexane Walker,Job,DEMO-J-000420,1/8/2026 7:50 AM,1/8/2026 9:12 AM
DEMO-T-000710,DEMO-E-00011,Alexane Walker,Job,DEMO-J-000421,1/8/2026 9:25 AM,1/8/2026 11:54 AM
DEMO-T-000711,DEMO-E-00011,Alexane Walker,Shift,,1/8/2026 7:30 AM,1/8/2026 3:23 PM
DEMO-T-000712,DEMO-E-00012,Marietta Rath,Job,DEMO-J-000348,1/8/2026 7:56 AM,1/8/2026 3:47 PM
DEMO-T-000713,DEMO-E-00012,Marietta Rath,Shift,,1/8/2026 7:38 AM,1/8/2026 4:03 PM
DEMO-T-000714,DEMO-E-00013,Denis Jenkins,Job,DEMO-J-000348,1/8/2026 7:56 AM,1/8/2026 3:47 PM
DEMO-T-000715,DEMO-E-00013,Denis Jenkins,Shift,,1/8/2026 7:38 AM,1/8/2026 4:16 PM
DEMO-T-000716,DEMO-E-00003,Hollie Will,Shift,,1/8/2026 7:59 AM,1/8/2026 3:35 PM
DEMO-T-000717,DEMO-E-00004,Alize Murazik,Job,DEMO-J-000422,1/9/2026 7:53 AM,1/9/2026 9:53 AM
DEMO-T-000718,DEMO-E-00004,Alize Murazik,Job,DEMO-J-000423,1/9/2026 10:07 AM,1/9/2026 12:43 PM
DEMO-T-000719,DEMO-E-00004,Alize Murazik,Shift,,1/9/2026 7:39 AM,1/9/2026 3:19 PM
DEMO-T-000720,DEMO-E-00006,Shemar West,Job,DEMO-J-000424,1/9/2026 7:57 AM,1/9/2026 12:47 PM
DEMO-T-000721,DEMO-E-00006,Shemar West,Job,DEMO-J-000425,1/9/2026 1:02 PM,1/9/2026 2:32 PM
DEMO-T-000722,DEMO-E-00006,Shemar West,Job,DEMO-J-000426,1/9/2026 2:43 PM,1/9/2026 7:29 PM
DEMO-T-000723,DEMO-E-00006,Shemar West,Shift,,1/9/2026 7:32 AM,1/9/2026 7:56 PM
DEMO-T-000724,DEMO-E-00009,Lenore Keebler,Job,DEMO-J-000427,1/9/2026 7:58 AM,1/9/2026 2:29 PM
DEMO-T-000725,DEMO-E-00009,Lenore Keebler,Job,DEMO-J-000428,1/9/2026 2:44 PM,1/9/2026 5:05 PM
DEMO-T-000726,DEMO-E-00009,Lenore Keebler,Shift,,1/9/2026 7:33 AM,1/9/2026 5:29 PM
DEMO-T-000727,DEMO-E-00011,Alexane Walker,Job,DEMO-J-000429,1/9/2026 8:01 AM,1/9/2026 9:35 AM
DEMO-T-000728,DEMO-E-00011,Alexane Walker,Job,DEMO-J-000430,1/9/2026 9:45 AM,1/9/2026 11:28 AM
DEMO-T-000729,DEMO-E-00011,Alexane Walker,Job,DEMO-J-000431,1/9/2026 11:38 AM,1/9/2026 2:08 PM
DEMO-T-000730,DEMO-E-00011,Alexane Walker,Shift,,1/9/2026 7:38 AM,1/9/2026 3:20 PM
DEMO-T-000731,DEMO-E-00012,Marietta Rath,Job,DEMO-J-000382,1/9/2026 8:03 AM,1/9/2026 3:19 PM
DEMO-T-000732,DEMO-E-00012,Marietta Rath,Shift,,1/9/2026 7:37 AM,1/9/2026 3:42 PM
DEMO-T-000733,DEMO-E-00013,Denis Jenkins,Job,DEMO-J-000382,1/9/2026 8:03 AM,1/9/2026 3:19 PM
DEMO-T-000734,DEMO-E-00013,Denis Jenkins,Shift,,1/9/2026 7:37 AM,1/9/2026 3:39 PM
DEMO-T-000735,DEMO-E-00003,Hollie Will,Shift,,1/9/2026 8:00 AM,1/9/2026 3:50 PM
DEMO-T-000736,DEMO-E-00006,Shemar West,Job,DEMO-J-000432,1/10/2026 9:26 AM,1/10/2026 10:42 AM
DEMO-T-000737,DEMO-E-00006,Shemar West,Shift,,1/10/2026 9:04 AM,1/10/2026 11:09 AM
DEMO-T-000738,DEMO-E-00010,Jillian Pouros,Job,DEMO-J-000433,1/10/2026 9:30 AM,1/10/2026 10:15 AM
DEMO-T-000739,DEMO-E-00010,Jillian Pouros,Job,DEMO-J-000434,1/10/2026 10:34 AM,1/10/2026 2:46 PM
DEMO-T-000740,DEMO-E-00010,Jillian Pouros,Shift,,1/10/2026 9:05 AM,1/10/2026 3:19 PM
